11:55:26 | INFO     | 🚀 Запуск EVE KillBot...
11:55:26 | INFO     | --- ⚙️ СИСТЕМА МОНИТОРИНГА ГОТОВИТСЯ К СТАРТУ ---
11:55:27 | INFO     | --- ⚙️ ИНИЦИАЛИЗАЦИЯ БОТА ---
11:55:27 | INFO     | ✅ Команды загружены: ['min', 'remove', 'status', 'add', 'ping', 'help', 'check', 'init']
11:55:30 | INFO     | ✅ Discord бот готов к работе
11:55:30 | INFO     | 📋 Конфиг загружен: 23 фильтров для 1 каналов
11:55:30 | INFO     | 🔄 Запуск воркеров с конфигурацией для 1 каналов
11:55:30 | INFO     | 🔗 Подключение к WebSocket zKillboard...
11:55:30 | INFO     | ⚙️ Многоканальный обработчик событий запущен...
11:55:30 | INFO     | 🔥 [PROCESSOR] СЕССИЯ ОТКРЫТА, НАЧИНАЮ ОБРАБОТКУ...
11:55:31 | INFO     | ✅ Успешное подключение к zKillboard WebSocket
11:55:31 | INFO     | 📡 Подготовка подписок на 23 каналов...
11:55:31 | INFO     | ✅ Подписка на killstream установлена
11:55:33 | INFO     | ✅ Все подписки (23) отправлены zKillboard
11:57:35 | INFO     | 📡 [LISTENER] Получен KillID: 133357059. Добавляю в очередь...
11:57:35 | INFO     | 📥 [PROCESSOR] Начинаю обработку KillID: 133357059
11:57:35 | INFO     | 🔍 Запрос хэша для 133357059 у zKillboard...
11:57:35 | INFO     | ✅ [LISTENER] KillID 133357059 добавлен. Размер очереди: 0
11:57:35 | INFO     | 📡 [LISTENER] Получен KillID: 133357055. Добавляю в очередь...
11:57:35 | INFO     | ✅ [LISTENER] KillID 133357055 добавлен. Размер очереди: 1
11:57:36 | INFO     | 📡 [LISTENER] Получен KillID: 133357051. Добавляю в очередь...
11:57:36 | INFO     | ✅ [LISTENER] KillID 133357051 добавлен. Размер очереди: 2
11:57:36 | INFO     | 🌐 Запрос детальных данных для 133357059 из ESI...
11:57:36 | INFO     | 📡 [LISTENER] Получен KillID: 133357042. Добавляю в очередь...
11:57:36 | INFO     | ✅ [LISTENER] KillID 133357042 добавлен. Размер очереди: 3
11:57:36 | INFO     | ⚙️ Проверка фильтров 133357059 для 1 каналов...
11:57:36 | INFO     | 🎯 [ID: 133357059] Совпадение для канала 1463802595931062374! Тип: LOCATION_WATCH
11:57:37 | INFO     | 📡 [LISTENER] Получен KillID: 133357029. Добавляю в очередь...
11:57:37 | INFO     | ✅ [LISTENER] KillID 133357029 добавлен. Размер очереди: 4
11:57:37 | INFO     | 📡 [LISTENER] Получен KillID: 133357024. Добавляю в очередь...
11:57:37 | INFO     | ✅ [LISTENER] KillID 133357024 добавлен. Размер очереди: 5
11:57:37 | INFO     | 📡 [LISTENER] Получен KillID: 133357020. Добавляю в очередь...
11:57:37 | INFO     | ✅ [LISTENER] KillID 133357020 добавлен. Размер очереди: 6
11:57:37 | INFO     | 📡 [LISTENER] Получен KillID: 133357018. Добавляю в очередь...
11:57:37 | INFO     | ✅ [LISTENER] KillID 133357018 добавлен. Размер очереди: 7
11:57:38 | INFO     | ✅ Уведомление отправлено в канал 1463802595931062374
11:57:38 | INFO     | ✅ KillID 133357059 обработан. Совпадений: 1
11:57:38 | INFO     | 📥 [PROCESSOR] Начинаю обработку KillID: 133357055
11:57:38 | INFO     | 🔍 Запрос хэша для 133357055 у zKillboard...
11:57:38 | INFO     | 📡 [LISTENER] Получен KillID: 133357014. Добавляю в очередь...
11:57:38 | INFO     | ✅ [LISTENER] KillID 133357014 добавлен. Размер очереди: 7
11:57:38 | INFO     | 🌐 Запрос детальных данных для 133357055 из ESI...
11:57:38 | INFO     | ⚙️ Проверка фильтров 133357055 для 1 каналов...
11:57:38 | INFO     | 🎯 [ID: 133357055] Совпадение для канала 1463802595931062374! Тип: LOCATION_WATCH
11:57:38 | INFO     | 📡 [LISTENER] Получен KillID: 133357012. Добавляю в очередь...
11:57:38 | INFO     | ✅ [LISTENER] KillID 133357012 добавлен. Размер очереди: 8
11:57:38 | INFO     | 📡 [LISTENER] Получен KillID: 133357010. Добавляю в очередь...
11:57:38 | INFO     | ✅ [LISTENER] KillID 133357010 добавлен. Размер очереди: 9
11:57:39 | INFO     | 📡 [LISTENER] Получен KillID: 133357008. Добавляю в очередь...
11:57:39 | INFO     | ✅ [LISTENER] KillID 133357008 добавлен. Размер очереди: 10
11:57:39 | INFO     | ✅ Уведомление отправлено в канал 1463802595931062374
11:57:39 | INFO     | ✅ KillID 133357055 обработан. Совпадений: 1
11:57:39 | INFO     | 📥 [PROCESSOR] Начинаю обработку KillID: 133357051
11:57:39 | INFO     | 🔍 Запрос хэша для 133357051 у zKillboard...
11:57:39 | INFO     | 📡 [LISTENER] Получен KillID: 133357001. Добавляю в очередь...
11:57:39 | INFO     | ✅ [LISTENER] KillID 133357001 добавлен. Размер очереди: 10
11:57:39 | INFO     | 🌐 Запрос детальных данных для 133357051 из ESI...
11:57:39 | INFO     | ⚙️ Проверка фильтров 133357051 для 1 каналов...
11:57:39 | INFO     | 🎯 [ID: 133357051] Совпадение для канала 1463802595931062374! Тип: LOCATION_WATCH
11:57:40 | INFO     | ✅ Уведомление отправлено в канал 1463802595931062374
11:57:40 | INFO     | ✅ KillID 133357051 обработан. Совпадений: 1
11:57:40 | INFO     | 📥 [PROCESSOR] Начинаю обработку KillID: 133357042
11:57:40 | INFO     | 🔍 Запрос хэша для 133357042 у zKillboard...
11:57:40 | INFO     | 🌐 Запрос детальных данных для 133357042 из ESI...
11:57:40 | INFO     | ⚙️ Проверка фильтров 133357042 для 1 каналов...
11:57:40 | INFO     | 🎯 [ID: 133357042] Совпадение для канала 1463802595931062374! Тип: LOCATION_WATCH
11:57:41 | INFO     | ✅ Уведомление отправлено в канал 1463802595931062374
11:57:41 | INFO     | ✅ KillID 133357042 обработан. Совпадений: 1
11:57:41 | INFO     | 📥 [PROCESSOR] Начинаю обработку KillID: 133357029
11:57:41 | INFO     | 🔍 Запрос хэша для 133357029 у zKillboard...
11:57:41 | INFO     | 🌐 Запрос детальных данных для 133357029 из ESI...
11:57:41 | INFO     | ⚙️ Проверка фильтров 133357029 для 1 каналов...
11:57:41 | INFO     | 🎯 [ID: 133357029] Совпадение для канала 1463802595931062374! Тип: LOCATION_WATCH
11:57:42 | INFO     | ✅ Уведомление отправлено в канал 1463802595931062374
11:57:42 | INFO     | ✅ KillID 133357029 обработан. Совпадений: 1
11:57:42 | INFO     | 📥 [PROCESSOR] Начинаю обработку KillID: 133357024
11:57:42 | INFO     | 🔍 Запрос хэша для 133357024 у zKillboard...
11:57:42 | INFO     | 🌐 Запрос детальных данных для 133357024 из ESI...
11:57:42 | INFO     | ⚙️ Проверка фильтров 133357024 для 1 каналов...
11:57:42 | INFO     | 🎯 [ID: 133357024] Совпадение для канала 1463802595931062374! Тип: LOCATION_WATCH
11:57:42 | INFO     | ✅ Уведомление отправлено в канал 1463802595931062374
11:57:42 | INFO     | ✅ KillID 133357024 обработан. Совпадений: 1
11:57:42 | INFO     | 📥 [PROCESSOR] Начинаю обработку KillID: 133357020
11:57:42 | INFO     | 🔍 Запрос хэша для 133357020 у zKillboard...
11:57:43 | INFO     | 🌐 Запрос детальных данных для 133357020 из ESI...
11:57:43 | INFO     | ⚙️ Проверка фильтров 133357020 для 1 каналов...
11:57:43 | INFO     | 🎯 [ID: 133357020] Совпадение для канала 1463802595931062374! Тип: LOCATION_WATCH
11:57:43 | INFO     | ✅ Уведомление отправлено в канал 1463802595931062374
11:57:43 | INFO     | ✅ KillID 133357020 обработан. Совпадений: 1
11:57:43 | INFO     | 📥 [PROCESSOR] Начинаю обработку KillID: 133357018
11:57:43 | INFO     | 🔍 Запрос хэша для 133357018 у zKillboard...
11:57:44 | INFO     | 🌐 Запрос детальных данных для 133357018 из ESI...
11:57:44 | INFO     | ⚙️ Проверка фильтров 133357018 для 1 каналов...
11:57:44 | INFO     | 🎯 [ID: 133357018] Совпадение для канала 1463802595931062374! Тип: LOCATION_WATCH
11:57:44 | INFO     | ✅ Уведомление отправлено в канал 1463802595931062374
11:57:44 | INFO     | ✅ KillID 133357018 обработан. Совпадений: 1
11:57:44 | INFO     | 📥 [PROCESSOR] Начинаю обработку KillID: 133357014
11:57:44 | INFO     | 🔍 Запрос хэша для 133357014 у zKillboard...
11:57:45 | INFO     | 🌐 Запрос детальных данных для 133357014 из ESI...
11:57:45 | INFO     | ⚙️ Проверка фильтров 133357014 для 1 каналов...
11:57:45 | INFO     | 🎯 [ID: 133357014] Совпадение для канала 1463802595931062374! Тип: LOCATION_WATCH
11:57:45 | INFO     | ✅ Уведомление отправлено в канал 1463802595931062374
11:57:45 | INFO     | ✅ KillID 133357014 обработан. Совпадений: 1
11:57:45 | INFO     | 📥 [PROCESSOR] Начинаю обработку KillID: 133357012
11:57:45 | INFO     | 🔍 Запрос хэша для 133357012 у zKillboard...
11:57:45 | INFO     | 🌐 Запрос детальных данных для 133357012 из ESI...
11:57:46 | INFO     | ⚙️ Проверка фильтров 133357012 для 1 каналов...
11:57:46 | INFO     | 🎯 [ID: 133357012] Совпадение для канала 1463802595931062374! Тип: LOCATION_WATCH
11:57:46 | INFO     | ✅ Уведомление отправлено в канал 1463802595931062374
11:57:46 | INFO     | ✅ KillID 133357012 обработан. Совпадений: 1
11:57:46 | INFO     | 📥 [PROCESSOR] Начинаю обработку KillID: 133357010
11:57:46 | INFO     | 🔍 Запрос хэша для 133357010 у zKillboard...
11:57:46 | INFO     | 🌐 Запрос детальных данных для 133357010 из ESI...
11:57:46 | INFO     | ⚙️ Проверка фильтров 133357010 для 1 каналов...
11:57:46 | INFO     | 🎯 [ID: 133357010] Совпадение для канала 1463802595931062374! Тип: LOCATION_WATCH
11:57:47 | INFO     | ✅ Уведомление отправлено в канал 1463802595931062374
11:57:47 | INFO     | ✅ KillID 133357010 обработан. Совпадений: 1
11:57:47 | INFO     | 📥 [PROCESSOR] Начинаю обработку KillID: 133357008
11:57:47 | INFO     | 🔍 Запрос хэша для 133357008 у zKillboard...
11:57:47 | INFO     | 🌐 Запрос детальных данных для 133357008 из ESI...
11:57:47 | INFO     | ⚙️ Проверка фильтров 133357008 для 1 каналов...
11:57:47 | INFO     | 🎯 [ID: 133357008] Совпадение для канала 1463802595931062374! Тип: LOCATION_WATCH
11:57:48 | INFO     | ✅ Уведомление отправлено в канал 1463802595931062374
11:57:48 | INFO     | ✅ KillID 133357008 обработан. Совпадений: 1
11:57:48 | INFO     | 📥 [PROCESSOR] Начинаю обработку KillID: 133357001
11:57:48 | INFO     | 🔍 Запрос хэша для 133357001 у zKillboard...
11:57:48 | INFO     | 🌐 Запрос детальных данных для 133357001 из ESI...
11:57:48 | INFO     | ⚙️ Проверка фильтров 133357001 для 1 каналов...
11:57:48 | INFO     | 🎯 [ID: 133357001] Совпадение для канала 1463802595931062374! Тип: LOCATION_WATCH
11:57:48 | INFO     | ✅ Уведомление отправлено в канал 1463802595931062374
11:57:48 | INFO     | ✅ KillID 133357001 обработан. Совпадений: 1
11:59:43 | INFO     | 📡 [LISTENER] Получен KillID: 133357032. Добавляю в очередь...
11:59:43 | INFO     | 📥 [PROCESSOR] Начинаю обработку KillID: 133357032
11:59:43 | INFO     | 🔍 Запрос хэша для 133357032 у zKillboard...
11:59:43 | INFO     | ✅ [LISTENER] KillID 133357032 добавлен. Размер очереди: 0
11:59:44 | INFO     | 🌐 Запрос детальных данных для 133357032 из ESI...
11:59:44 | INFO     | ⚙️ Проверка фильтров 133357032 для 1 каналов...
11:59:44 | INFO     | 🎯 [ID: 133357032] Совпадение для канала 1463802595931062374! Тип: PRIORITY_TARGET
11:59:45 | INFO     | ✅ Уведомление отправлено в канал 1463802595931062374
11:59:45 | INFO     | ✅ KillID 133357032 обработан. Совпадений: 1
12:01:16 | INFO     | 📡 [LISTENER] Получен KillID: 133357066. Добавляю в очередь...
12:01:16 | INFO     | 📥 [PROCESSOR] Начинаю обработку KillID: 133357066
12:01:16 | INFO     | 🔍 Запрос хэша для 133357066 у zKillboard...
12:01:16 | INFO     | ✅ [LISTENER] KillID 133357066 добавлен. Размер очереди: 0
12:01:16 | INFO     | 🌐 Запрос детальных данных для 133357066 из ESI...
12:01:17 | INFO     | ⚙️ Проверка фильтров 133357066 для 1 каналов...
12:01:17 | INFO     | 🎯 [ID: 133357066] Совпадение для канала 1463802595931062374! Тип: LOCATION_WATCH
12:01:18 | INFO     | ✅ Уведомление отправлено в канал 1463802595931062374
12:01:18 | INFO     | ✅ KillID 133357066 обработан. Совпадений: 1
12:03:08 | INFO     | 📡 [LISTENER] Получен KillID: 133357118. Добавляю в очередь...
12:03:08 | INFO     | 📥 [PROCESSOR] Начинаю обработку KillID: 133357118
12:03:08 | INFO     | 🔍 Запрос хэша для 133357118 у zKillboard...
12:03:08 | INFO     | ✅ [LISTENER] KillID 133357118 добавлен. Размер очереди: 0
12:03:09 | INFO     | 📡 [LISTENER] Получен KillID: 133357088. Добавляю в очередь...
12:03:09 | INFO     | ✅ [LISTENER] KillID 133357088 добавлен. Размер очереди: 1
12:03:09 | INFO     | 🌐 Запрос детальных данных для 133357118 из ESI...
12:03:10 | INFO     | ⚙️ Проверка фильтров 133357118 для 1 каналов...
12:03:10 | INFO     | 🎯 [ID: 133357118] Совпадение для канала 1463802595931062374! Тип: PRIORITY_TARGET
12:03:11 | INFO     | ✅ Уведомление отправлено в канал 1463802595931062374
12:03:11 | INFO     | ✅ KillID 133357118 обработан. Совпадений: 1
12:03:11 | INFO     | 📥 [PROCESSOR] Начинаю обработку KillID: 133357088
12:03:11 | INFO     | 🔍 Запрос хэша для 133357088 у zKillboard...
12:03:11 | INFO     | 🌐 Запрос детальных данных для 133357088 из ESI...
12:03:11 | INFO     | ⚙️ Проверка фильтров 133357088 для 1 каналов...
12:03:11 | INFO     | 🎯 [ID: 133357088] Совпадение для канала 1463802595931062374! Тип: LOCATION_WATCH
12:03:12 | INFO     | ✅ Уведомление отправлено в канал 1463802595931062374
12:03:12 | INFO     | ✅ KillID 133357088 обработан. Совпадений: 1
12:03:33 | INFO     | 🛑 Получен сигнал 2. Инициирую остановку...
12:03:34 | INFO     | 🛑 Получен сигнал остановки. Завершаю работу воркеров...
12:03:34 | INFO     | ⏳ Остановка воркеров...
12:03:34 | INFO     | 🛑 Processor получил сигнал остановки
12:03:35 | INFO     | 🛑 Listener получил сигнал остановки
12:03:35 | INFO     | ♻️ Очередь очищена
12:03:35 | INFO     | 👋 Завершение работы системы мониторинга
12:03:35 | INFO     | 🔌 Закрытие соединений...
12:03:35 | INFO     | 👋 EVE KillBot остановлен. o7
12:03:45 | INFO     | 🚀 Запуск EVE KillBot...
12:03:45 | INFO     | --- ⚙️ СИСТЕМА МОНИТОРИНГА ГОТОВИТСЯ К СТАРТУ ---
12:03:46 | INFO     | --- ⚙️ ИНИЦИАЛИЗАЦИЯ БОТА ---
12:03:46 | INFO     | ✅ Команды загружены: ['init', 'status', 'add', 'ping', 'help', 'check', 'min', 'remove']
12:03:50 | INFO     | ✅ Discord бот готов к работе
12:03:50 | INFO     | 📋 Конфиг загружен: 23 фильтров для 1 каналов
12:03:50 | INFO     | 🔄 Запуск воркеров с конфигурацией для 1 каналов
12:03:50 | INFO     | 🔗 Подключение к WebSocket zKillboard...
12:03:50 | INFO     | ⚙️ Многоканальный обработчик событий запущен...
12:03:50 | INFO     | 🔥 [PROCESSOR] СЕССИЯ ОТКРЫТА, НАЧИНАЮ ОБРАБОТКУ...
12:03:51 | INFO     | ✅ Успешное подключение к zKillboard WebSocket
12:03:51 | INFO     | 📡 Подготовка подписок на 23 каналов...
12:03:51 | INFO     | ✅ Подписка на killstream установлена
12:03:52 | INFO     | 🛑 Получен сигнал 2. Инициирую остановку...
12:03:52 | INFO     | 🛑 Получен сигнал остановки. Завершаю работу воркеров...
12:03:52 | INFO     | ⏳ Остановка воркеров...
12:03:52 | INFO     | 🛑 Processor получил сигнал остановки
12:03:52 | INFO     | 🛑 Listener получил сигнал остановки
12:03:52 | INFO     | ♻️ Очередь очищена
12:03:52 | INFO     | 👋 Завершение работы системы мониторинга
12:03:52 | INFO     | 🔌 Закрытие соединений...
12:03:52 | INFO     | 👋 EVE KillBot остановлен. o7
12:04:06 | INFO     | 🚀 Запуск EVE KillBot...
12:04:06 | INFO     | --- ⚙️ СИСТЕМА МОНИТОРИНГА ГОТОВИТСЯ К СТАРТУ ---
12:04:07 | INFO     | --- ⚙️ ИНИЦИАЛИЗАЦИЯ БОТА ---
12:04:07 | INFO     | ✅ Команды загружены: ['init', 'add', 'ping', 'help', 'check', 'min', 'remove', 'status']
12:04:10 | INFO     | ✅ Discord бот готов к работе
12:04:10 | INFO     | 📋 Конфиг загружен: 23 фильтров для 1 каналов
12:04:10 | INFO     | 🔄 Запуск воркеров с конфигурацией для 1 каналов
12:04:10 | INFO     | 🔗 Подключение к WebSocket zKillboard...
12:04:10 | INFO     | ⚙️ Многоканальный обработчик событий запущен...
12:04:10 | INFO     | 🔥 [PROCESSOR] СЕССИЯ ОТКРЫТА, НАЧИНАЮ ОБРАБОТКУ...
12:04:11 | INFO     | ✅ Успешное подключение к zKillboard WebSocket
12:04:11 | INFO     | 📡 Подготовка подписок на 23 каналов...
12:04:11 | INFO     | ✅ Подписка на killstream установлена
12:04:13 | INFO     | ✅ Все подписки (23) отправлены zKillboard
12:04:28 | INFO     | 📡 [LISTENER] Получен KillID: 133357122. Добавляю в очередь...
12:04:28 | INFO     | 📥 [PROCESSOR] Начинаю обработку KillID: 133357122
12:04:28 | INFO     | 🔍 Запрос хэша для 133357122 у zKillboard...
12:04:28 | INFO     | ✅ [LISTENER] KillID 133357122 добавлен. Размер очереди: 0
12:04:29 | INFO     | 🌐 Запрос детальных данных для 133357122 из ESI...
12:04:29 | INFO     | ⚙️ Проверка фильтров 133357122 для 1 каналов...
12:04:29 | INFO     | 🎯 [ID: 133357122] Совпадение для канала 1463802595931062374! Тип: LOCATION_WATCH
12:04:30 | INFO     | 📡 [LISTENER] Получен KillID: 133357069. Добавляю в очередь...
12:04:30 | INFO     | ✅ [LISTENER] KillID 133357069 добавлен. Размер очереди: 1
12:04:30 | INFO     | ✅ Уведомление отправлено в канал 1463802595931062374
12:04:30 | INFO     | ✅ KillID 133357122 обработан. Совпадений: 1
12:04:30 | INFO     | 📥 [PROCESSOR] Начинаю обработку KillID: 133357069
12:04:30 | INFO     | 🔍 Запрос хэша для 133357069 у zKillboard...
12:04:30 | INFO     | 🌐 Запрос детальных данных для 133357069 из ESI...
12:04:30 | INFO     | ⚙️ Проверка фильтров 133357069 для 1 каналов...
12:04:30 | INFO     | 🎯 [ID: 133357069] Совпадение для канала 1463802595931062374! Тип: LOCATION_WATCH
12:04:31 | INFO     | ✅ Уведомление отправлено в канал 1463802595931062374
12:04:31 | INFO     | ✅ KillID 133357069 обработан. Совпадений: 1
12:04:52 | INFO     | 📡 [LISTENER] Получен KillID: 133357130. Добавляю в очередь...
12:04:52 | INFO     | 📥 [PROCESSOR] Начинаю обработку KillID: 133357130
12:04:52 | INFO     | 🔍 Запрос хэша для 133357130 у zKillboard...
12:04:52 | INFO     | ✅ [LISTENER] KillID 133357130 добавлен. Размер очереди: 0
12:04:53 | INFO     | 🌐 Запрос детальных данных для 133357130 из ESI...
12:04:53 | INFO     | ⚙️ Проверка фильтров 133357130 для 1 каналов...
12:04:53 | INFO     | 🎯 [ID: 133357130] Совпадение для канала 1463802595931062374! Тип: LOCATION_WATCH
12:04:54 | INFO     | ✅ Уведомление отправлено в канал 1463802595931062374
12:04:54 | INFO     | ✅ KillID 133357130 обработан. Совпадений: 1
12:10:54 | INFO     | 🛑 Получен сигнал 2. Инициирую остановку...
12:10:54 | INFO     | 🛑 Получен сигнал остановки. Завершаю работу воркеров...
12:10:54 | INFO     | ⏳ Остановка воркеров...
12:10:54 | INFO     | 🛑 Processor получил сигнал остановки
12:10:55 | INFO     | 🛑 Listener получил сигнал остановки
12:10:55 | INFO     | ♻️ Очередь очищена
12:10:55 | INFO     | 👋 Завершение работы системы мониторинга
12:10:55 | INFO     | 🔌 Закрытие соединений...
12:10:55 | INFO     | 👋 EVE KillBot остановлен. o7
12:14:14 | INFO     | 🚀 Запуск EVE KillBot...
12:14:14 | INFO     | --- ⚙️ СИСТЕМА МОНИТОРИНГА ГОТОВИТСЯ К СТАРТУ ---
12:14:16 | INFO     | --- ⚙️ ИНИЦИАЛИЗАЦИЯ БОТА ---
12:14:16 | INFO     | ✅ Команды загружены: ['add', 'ping', 'init', 'check', 'remove', 'help', 'status', 'min']
12:14:19 | INFO     | ✅ Discord бот готов к работе
12:14:19 | INFO     | 📋 Конфиг загружен: 23 фильтров для 1 каналов
12:14:19 | INFO     | 🔄 Запуск воркеров с конфигурацией для 1 каналов
12:14:19 | INFO     | 🔗 Подключение к WebSocket zKillboard...
12:14:19 | INFO     | ⚙️ Многоканальный обработчик событий запущен...
12:14:19 | INFO     | 🔥 [PROCESSOR] СЕССИЯ ОТКРЫТА, НАЧИНАЮ ОБРАБОТКУ...
12:14:19 | INFO     | ✅ Успешное подключение к zKillboard WebSocket
12:14:19 | INFO     | 📡 Подготовка подписок на 23 каналов...
12:14:20 | INFO     | ✅ Подписка на killstream установлена
12:14:22 | INFO     | ✅ Все подписки (23) отправлены zKillboard
12:16:28 | INFO     | 📡 [LISTENER] Получен KillID: 133357386. Добавляю в очередь...
12:16:28 | INFO     | 📥 [PROCESSOR] Начинаю обработку KillID: 133357386
12:16:28 | INFO     | 🔍 Запрос хэша для 133357386 у zKillboard...
12:16:28 | INFO     | ✅ [LISTENER] KillID 133357386 добавлен. Размер очереди: 0
12:16:29 | INFO     | 🌐 Запрос детальных данных для 133357386 из ESI...
12:16:30 | INFO     | ⚙️ Проверка фильтров 133357386 для 1 каналов...
12:16:30 | INFO     | 🎯 [ID: 133357386] Совпадение для канала 1463802595931062374! Тип: LOCATION_WATCH
12:16:31 | INFO     | ✅ Изображение сгенерировано: killmail_images/kill_133357386.png
12:16:33 | INFO     | ✅ Уведомление с изображением отправлено в канал 1463802595931062374
12:16:33 | INFO     | ✅ Уведомление отправлено в канал 1463802595931062374
12:16:33 | INFO     | ✅ KillID 133357386 обработан. Совпадений: 1
12:21:43 | INFO     | 📡 [LISTENER] Получен KillID: 133357392. Добавляю в очередь...
12:21:43 | INFO     | 📥 [PROCESSOR] Начинаю обработку KillID: 133357392
12:21:43 | INFO     | 🔍 Запрос хэша для 133357392 у zKillboard...
12:21:43 | INFO     | ✅ [LISTENER] KillID 133357392 добавлен. Размер очереди: 0
12:21:46 | INFO     | 🌐 Запрос детальных данных для 133357392 из ESI...
12:21:52 | INFO     | ⚙️ Проверка фильтров 133357392 для 1 каналов...
12:21:52 | INFO     | 🎯 [ID: 133357392] Совпадение для канала 1463802595931062374! Тип: LOCATION_WATCH
12:21:55 | INFO     | ✅ Изображение сгенерировано: killmail_images/kill_133357392.png
12:21:59 | INFO     | ✅ Уведомление с изображением отправлено в канал 1463802595931062374
12:21:59 | INFO     | ✅ Уведомление отправлено в канал 1463802595931062374
12:21:59 | INFO     | ✅ KillID 133357392 обработан. Совпадений: 1
12:27:45 | INFO     | 📡 [LISTENER] Получен KillID: 133357574. Добавляю в очередь...
12:27:45 | INFO     | 📥 [PROCESSOR] Начинаю обработку KillID: 133357574
12:27:45 | INFO     | 🔍 Запрос хэша для 133357574 у zKillboard...
12:27:45 | INFO     | ✅ [LISTENER] KillID 133357574 добавлен. Размер очереди: 0
12:27:45 | INFO     | 🌐 Запрос детальных данных для 133357574 из ESI...
12:27:46 | INFO     | ⚙️ Проверка фильтров 133357574 для 1 каналов...
12:27:46 | INFO     | 🎯 [ID: 133357574] Совпадение для канала 1463802595931062374! Тип: LOCATION_WATCH
12:27:48 | INFO     | ✅ Изображение сгенерировано: killmail_images/kill_133357574.png
12:27:50 | INFO     | ✅ Уведомление с изображением отправлено в канал 1463802595931062374
12:27:50 | INFO     | ✅ Уведомление отправлено в канал 1463802595931062374
12:27:50 | INFO     | ✅ KillID 133357574 обработан. Совпадений: 1
12:28:07 | INFO     | 📡 [LISTENER] Получен KillID: 133357727. Добавляю в очередь...
12:28:07 | INFO     | 📥 [PROCESSOR] Начинаю обработку KillID: 133357727
12:28:07 | INFO     | 🔍 Запрос хэша для 133357727 у zKillboard...
12:28:07 | INFO     | ✅ [LISTENER] KillID 133357727 добавлен. Размер очереди: 0
12:28:07 | INFO     | 📡 [LISTENER] Получен KillID: 133357689. Добавляю в очередь...
12:28:07 | INFO     | ✅ [LISTENER] KillID 133357689 добавлен. Размер очереди: 1
12:28:07 | INFO     | 🌐 Запрос детальных данных для 133357727 из ESI...
12:28:08 | INFO     | ⚙️ Проверка фильтров 133357727 для 1 каналов...
12:28:08 | INFO     | 🎯 [ID: 133357727] Совпадение для канала 1463802595931062374! Тип: PRIORITY_TARGET
12:28:10 | INFO     | ✅ Изображение сгенерировано: killmail_images/kill_133357727.png
12:28:13 | INFO     | ✅ Уведомление с изображением отправлено в канал 1463802595931062374
12:28:13 | INFO     | ✅ Уведомление отправлено в канал 1463802595931062374
12:28:13 | INFO     | ✅ KillID 133357727 обработан. Совпадений: 1
12:28:13 | INFO     | 📥 [PROCESSOR] Начинаю обработку KillID: 133357689
12:28:13 | INFO     | 🔍 Запрос хэша для 133357689 у zKillboard...
12:28:13 | INFO     | 🌐 Запрос детальных данных для 133357689 из ESI...
12:28:13 | INFO     | ⚙️ Проверка фильтров 133357689 для 1 каналов...
12:28:13 | INFO     | 🎯 [ID: 133357689] Совпадение для канала 1463802595931062374! Тип: LOCATION_WATCH
12:28:14 | INFO     | ✅ Изображение сгенерировано: killmail_images/kill_133357689.png
12:28:15 | INFO     | ✅ Уведомление с изображением отправлено в канал 1463802595931062374
12:28:15 | INFO     | ✅ Уведомление отправлено в канал 1463802595931062374
12:28:15 | INFO     | ✅ KillID 133357689 обработан. Совпадений: 1
12:29:58 | INFO     | 🛑 Получен сигнал 2. Инициирую остановку...
12:29:58 | INFO     | 🛑 Получен сигнал остановки. Завершаю работу воркеров...
12:29:58 | INFO     | ⏳ Остановка воркеров...
12:29:58 | INFO     | 🛑 Processor получил сигнал остановки
12:29:58 | INFO     | 🛑 Listener получил сигнал остановки
12:29:58 | INFO     | ♻️ Очередь очищена
12:29:58 | INFO     | 👋 Завершение работы системы мониторинга
12:29:58 | INFO     | 🔌 Закрытие соединений...
12:29:58 | INFO     | 👋 EVE KillBot остановлен. o7
12:40:16 | INFO     | 🚀 Запуск EVE KillBot...
12:40:16 | INFO     | --- ⚙️ СИСТЕМА МОНИТОРИНГА ГОТОВИТСЯ К СТАРТУ ---
12:40:17 | INFO     | --- ⚙️ ИНИЦИАЛИЗАЦИЯ БОТА ---
12:40:17 | INFO     | ✅ Команды загружены: ['init', 'check', 'remove', 'help', 'status', 'min', 'add', 'ping']
12:40:21 | INFO     | ✅ Discord бот готов к работе
12:40:21 | INFO     | 📋 Конфиг загружен: 23 фильтров для 1 каналов
12:40:21 | INFO     | 🔄 Запуск воркеров с конфигурацией для 1 каналов
12:40:21 | INFO     | 🔗 Подключение к WebSocket zKillboard...
12:40:21 | INFO     | ⚙️ Многоканальный обработчик событий запущен...
12:40:21 | INFO     | 🔥 [PROCESSOR] СЕССИЯ ОТКРЫТА, НАЧИНАЮ ОБРАБОТКУ...
12:40:22 | INFO     | ✅ Успешное подключение к zKillboard WebSocket
12:40:22 | INFO     | 📡 Подготовка подписок на 23 каналов...
12:40:22 | INFO     | ✅ Подписка на killstream установлена
12:40:24 | INFO     | ✅ Все подписки (23) отправлены zKillboard
12:41:28 | INFO     | 🛑 Получен сигнал 2. Инициирую остановку...
12:41:29 | INFO     | 🛑 Получен сигнал остановки. Завершаю работу воркеров...
12:41:29 | INFO     | ⏳ Остановка воркеров...
12:41:29 | INFO     | 🛑 Processor получил сигнал остановки
12:41:29 | INFO     | 🛑 Listener получил сигнал остановки
12:41:29 | INFO     | ♻️ Очередь очищена
12:41:29 | INFO     | 👋 Завершение работы системы мониторинга
12:41:29 | INFO     | 🔌 Закрытие соединений...
12:41:29 | INFO     | 👋 EVE KillBot остановлен. o7
12:41:31 | INFO     | 🚀 Запуск EVE KillBot...
12:41:31 | INFO     | --- ⚙️ СИСТЕМА МОНИТОРИНГА ГОТОВИТСЯ К СТАРТУ ---
12:41:32 | INFO     | --- ⚙️ ИНИЦИАЛИЗАЦИЯ БОТА ---
12:41:32 | INFO     | ✅ Команды загружены: ['init', 'check', 'remove', 'help', 'status', 'min', 'add', 'ping']
12:41:36 | INFO     | 🛑 Получен сигнал 2. Инициирую остановку...
12:41:36 | INFO     | ✅ Discord бот готов к работе
12:41:36 | INFO     | 👋 Завершение работы системы мониторинга
12:41:36 | INFO     | 🔌 Закрытие соединений...
12:41:36 | INFO     | 👋 EVE KillBot остановлен. o7
12:41:42 | INFO     | 🚀 Запуск EVE KillBot...
12:41:42 | INFO     | --- ⚙️ СИСТЕМА МОНИТОРИНГА ГОТОВИТСЯ К СТАРТУ ---
12:41:43 | INFO     | --- ⚙️ ИНИЦИАЛИЗАЦИЯ БОТА ---
12:41:43 | INFO     | ✅ Команды загружены: ['remove', 'check', 'ping', 'init', 'add', 'status', 'min', 'help']
12:41:47 | INFO     | ✅ Discord бот готов к работе
12:41:47 | INFO     | 📋 Конфиг загружен: 23 фильтров для 1 каналов
12:41:47 | INFO     | 🔄 Запуск воркеров с конфигурацией для 1 каналов
12:41:47 | INFO     | 🔗 Подключение к WebSocket zKillboard...
12:41:47 | INFO     | ⚙️ Многоканальный обработчик событий запущен...
12:41:47 | INFO     | 🔥 [PROCESSOR] СЕССИЯ ОТКРЫТА, НАЧИНАЮ ОБРАБОТКУ...
12:41:48 | INFO     | ✅ Успешное подключение к zKillboard WebSocket
12:41:48 | INFO     | 📡 Подготовка подписок на 23 каналов...
12:41:49 | INFO     | ✅ Подписка на killstream установлена
12:41:51 | INFO     | ✅ Все подписки (23) отправлены zKillboard
12:42:01 | INFO     | 📡 [LISTENER] Получен KillID: 133357953. Добавляю в очередь...
12:42:01 | INFO     | 📥 [PROCESSOR] Начинаю обработку KillID: 133357953
12:42:01 | INFO     | 🔍 Запрос хэша для 133357953 у zKillboard...
12:42:01 | INFO     | ✅ [LISTENER] KillID 133357953 добавлен. Размер очереди: 0
12:42:01 | INFO     | 📡 [LISTENER] Получен KillID: 133357953. Добавляю в очередь...
12:42:01 | INFO     | ✅ [LISTENER] KillID 133357953 добавлен. Размер очереди: 1
12:42:02 | INFO     | 🌐 Запрос детальных данных для 133357953 из ESI...
12:42:02 | INFO     | ⚙️ Проверка фильтров 133357953 для 1 каналов...
12:42:02 | INFO     | 🎯 [ID: 133357953] Совпадение для канала 1463802595931062374! Тип: PRIORITY_TARGET
12:42:05 | INFO     | ✅ Улучшенное изображение сгенерировано: killmail_images/kill_133357953.png
12:42:06 | INFO     | ✅ Уведомление с изображением отправлено в канал 1463802595931062374
12:42:06 | INFO     | ✅ Уведомление отправлено в канал 1463802595931062374
12:42:06 | INFO     | ✅ KillID 133357953 обработан. Совпадений: 1
12:42:06 | INFO     | 📥 [PROCESSOR] Начинаю обработку KillID: 133357953
12:42:06 | INFO     | ⏭️ [PROCESSOR] Пропускаю дубликат KillID: 133357953
12:42:07 | ERROR    | 🚨 Processor упал с ошибкой: task_done() called too many times
12:42:07 | WARNING  | 🔄 Требуется перезапуск воркеров (обновление конфига или сбой)
12:42:07 | INFO     | ⏳ Остановка воркеров...
12:42:08 | INFO     | 🛑 Listener получил сигнал остановки
12:42:08 | INFO     | ♻️ Очередь очищена
12:42:08 | INFO     | 📊 Статистика перед рестартом: {'processed_total': 1, 'duplicates_skipped': 1, 'errors': 0, 'notifications_sent': 1}
12:42:08 | INFO     | ⏳ Пауза перед рестартом (2 сек)...
12:42:10 | INFO     | 📋 Конфиг загружен: 23 фильтров для 1 каналов
12:42:10 | INFO     | 🔄 Запуск воркеров с конфигурацией для 1 каналов
12:42:10 | INFO     | 🔗 Подключение к WebSocket zKillboard...
12:42:10 | INFO     | ⚙️ Многоканальный обработчик событий запущен...
12:42:10 | INFO     | 🔥 [PROCESSOR] СЕССИЯ ОТКРЫТА, НАЧИНАЮ ОБРАБОТКУ...
12:42:10 | INFO     | ✅ Успешное подключение к zKillboard WebSocket
12:42:10 | INFO     | 📡 Подготовка подписок на 23 каналов...
12:42:11 | INFO     | ✅ Подписка на killstream установлена
12:42:13 | INFO     | ✅ Все подписки (23) отправлены zKillboard
12:42:58 | INFO     | 📡 [LISTENER] Получен KillID: 133358019. Добавляю в очередь...
12:42:58 | INFO     | 📥 [PROCESSOR] Начинаю обработку KillID: 133358019
12:42:58 | INFO     | 🔍 Запрос хэша для 133358019 у zKillboard...
12:42:58 | INFO     | ✅ [LISTENER] KillID 133358019 добавлен. Размер очереди: 0
12:42:58 | INFO     | 📡 [LISTENER] Получен KillID: 133358004. Добавляю в очередь...
12:42:58 | INFO     | ✅ [LISTENER] KillID 133358004 добавлен. Размер очереди: 1
12:42:59 | INFO     | 🌐 Запрос детальных данных для 133358019 из ESI...
12:42:59 | INFO     | 📡 [LISTENER] Получен KillID: 133358003. Добавляю в очередь...
12:42:59 | INFO     | ✅ [LISTENER] KillID 133358003 добавлен. Размер очереди: 2
12:43:00 | INFO     | 📡 [LISTENER] Получен KillID: 133357983. Добавляю в очередь...
12:43:00 | INFO     | ✅ [LISTENER] KillID 133357983 добавлен. Размер очереди: 3
12:43:00 | INFO     | ⚙️ Проверка фильтров 133358019 для 1 каналов...
12:43:00 | INFO     | 🎯 [ID: 133358019] Совпадение для канала 1463802595931062374! Тип: PRIORITY_TARGET
12:43:00 | INFO     | 📡 [LISTENER] Получен KillID: 133357982. Добавляю в очередь...
12:43:00 | INFO     | ✅ [LISTENER] KillID 133357982 добавлен. Размер очереди: 4
12:43:01 | INFO     | 📡 [LISTENER] Получен KillID: 133357978. Добавляю в очередь...
12:43:01 | INFO     | ✅ [LISTENER] KillID 133357978 добавлен. Размер очереди: 5
12:43:02 | INFO     | ✅ Улучшенное изображение сгенерировано: killmail_images/kill_133358019.png
12:43:03 | INFO     | ✅ Уведомление с изображением отправлено в канал 1463802595931062374
12:43:03 | INFO     | ✅ Уведомление отправлено в канал 1463802595931062374
12:43:03 | INFO     | ✅ KillID 133358019 обработан. Совпадений: 1
12:43:03 | INFO     | 📥 [PROCESSOR] Начинаю обработку KillID: 133358004
12:43:03 | INFO     | 🔍 Запрос хэша для 133358004 у zKillboard...
12:43:03 | INFO     | 🌐 Запрос детальных данных для 133358004 из ESI...
12:43:03 | INFO     | ⚙️ Проверка фильтров 133358004 для 1 каналов...
12:43:03 | INFO     | 🎯 [ID: 133358004] Совпадение для канала 1463802595931062374! Тип: PRIORITY_TARGET
12:43:04 | INFO     | ✅ Улучшенное изображение сгенерировано: killmail_images/kill_133358004.png
12:43:05 | INFO     | ✅ Уведомление с изображением отправлено в канал 1463802595931062374
12:43:05 | INFO     | ✅ Уведомление отправлено в канал 1463802595931062374
12:43:05 | INFO     | ✅ KillID 133358004 обработан. Совпадений: 1
12:43:05 | INFO     | 📥 [PROCESSOR] Начинаю обработку KillID: 133358003
12:43:05 | INFO     | 🔍 Запрос хэша для 133358003 у zKillboard...
12:43:06 | INFO     | 🌐 Запрос детальных данных для 133358003 из ESI...
12:43:06 | INFO     | ⚙️ Проверка фильтров 133358003 для 1 каналов...
12:43:06 | INFO     | 🎯 [ID: 133358003] Совпадение для канала 1463802595931062374! Тип: PRIORITY_TARGET
12:43:07 | INFO     | ✅ Улучшенное изображение сгенерировано: killmail_images/kill_133358003.png
12:43:08 | INFO     | ✅ Уведомление с изображением отправлено в канал 1463802595931062374
12:43:08 | INFO     | ✅ Уведомление отправлено в канал 1463802595931062374
12:43:08 | INFO     | ✅ KillID 133358003 обработан. Совпадений: 1
12:43:08 | INFO     | 📥 [PROCESSOR] Начинаю обработку KillID: 133357983
12:43:08 | INFO     | 🔍 Запрос хэша для 133357983 у zKillboard...
12:43:08 | INFO     | 🌐 Запрос детальных данных для 133357983 из ESI...
12:43:08 | INFO     | ⚙️ Проверка фильтров 133357983 для 1 каналов...
12:43:08 | INFO     | 🎯 [ID: 133357983] Совпадение для канала 1463802595931062374! Тип: LOCATION_WATCH
12:43:09 | INFO     | ✅ Улучшенное изображение сгенерировано: killmail_images/kill_133357983.png
12:43:09 | INFO     | ✅ Уведомление с изображением отправлено в канал 1463802595931062374
12:43:09 | INFO     | ✅ Уведомление отправлено в канал 1463802595931062374
12:43:09 | INFO     | ✅ KillID 133357983 обработан. Совпадений: 1
12:43:09 | INFO     | 📥 [PROCESSOR] Начинаю обработку KillID: 133357982
12:43:09 | INFO     | 🔍 Запрос хэша для 133357982 у zKillboard...
12:43:10 | INFO     | 🌐 Запрос детальных данных для 133357982 из ESI...
12:43:10 | INFO     | ⚙️ Проверка фильтров 133357982 для 1 каналов...
12:43:10 | INFO     | 🎯 [ID: 133357982] Совпадение для канала 1463802595931062374! Тип: LOCATION_WATCH
12:43:10 | INFO     | ✅ Улучшенное изображение сгенерировано: killmail_images/kill_133357982.png
12:43:11 | INFO     | ✅ Уведомление с изображением отправлено в канал 1463802595931062374
12:43:11 | INFO     | ✅ Уведомление отправлено в канал 1463802595931062374
12:43:11 | INFO     | ✅ KillID 133357982 обработан. Совпадений: 1
12:43:11 | INFO     | 📥 [PROCESSOR] Начинаю обработку KillID: 133357978
12:43:11 | INFO     | 🔍 Запрос хэша для 133357978 у zKillboard...
12:43:11 | INFO     | 🌐 Запрос детальных данных для 133357978 из ESI...
12:43:11 | INFO     | ⚙️ Проверка фильтров 133357978 для 1 каналов...
12:43:11 | INFO     | 🎯 [ID: 133357978] Совпадение для канала 1463802595931062374! Тип: LOCATION_WATCH
12:43:11 | INFO     | ✅ Улучшенное изображение сгенерировано: killmail_images/kill_133357978.png
12:43:12 | INFO     | ✅ Уведомление с изображением отправлено в канал 1463802595931062374
12:43:12 | INFO     | ✅ Уведомление отправлено в канал 1463802595931062374
12:43:12 | INFO     | ✅ KillID 133357978 обработан. Совпадений: 1
12:53:11 | INFO     | 📡 [LISTENER] Получен KillID: 133358129. Добавляю в очередь...
12:53:11 | INFO     | 📥 [PROCESSOR] Начинаю обработку KillID: 133358129
12:53:11 | INFO     | 🔍 Запрос хэша для 133358129 у zKillboard...
12:53:11 | INFO     | ✅ [LISTENER] KillID 133358129 добавлен. Размер очереди: 0
12:53:12 | INFO     | 🌐 Запрос детальных данных для 133358129 из ESI...
12:53:12 | INFO     | ⚙️ Проверка фильтров 133358129 для 1 каналов...
12:53:12 | INFO     | 🎯 [ID: 133358129] Совпадение для канала 1463802595931062374! Тип: LOCATION_WATCH
12:53:14 | INFO     | ✅ Улучшенное изображение сгенерировано: killmail_images/kill_133358129.png
12:53:16 | INFO     | ✅ Уведомление с изображением отправлено в канал 1463802595931062374
12:53:16 | INFO     | ✅ Уведомление отправлено в канал 1463802595931062374
12:53:16 | INFO     | ✅ KillID 133358129 обработан. Совпадений: 1
12:57:18 | INFO     | 📡 [LISTENER] Получен KillID: 133358205. Добавляю в очередь...
12:57:18 | INFO     | 📥 [PROCESSOR] Начинаю обработку KillID: 133358205
12:57:18 | INFO     | 🔍 Запрос хэша для 133358205 у zKillboard...
12:57:18 | INFO     | ✅ [LISTENER] KillID 133358205 добавлен. Размер очереди: 0
12:57:18 | INFO     | 📡 [LISTENER] Получен KillID: 133358205. Добавляю в очередь...
12:57:18 | INFO     | ✅ [LISTENER] KillID 133358205 добавлен. Размер очереди: 1
12:57:18 | INFO     | 📡 [LISTENER] Получен KillID: 133358191. Добавляю в очередь...
12:57:18 | INFO     | ✅ [LISTENER] KillID 133358191 добавлен. Размер очереди: 2
12:57:18 | INFO     | 📡 [LISTENER] Получен KillID: 133358191. Добавляю в очередь...
12:57:18 | INFO     | ✅ [LISTENER] KillID 133358191 добавлен. Размер очереди: 3
12:57:19 | INFO     | 🌐 Запрос детальных данных для 133358205 из ESI...
12:57:19 | INFO     | ⚙️ Проверка фильтров 133358205 для 1 каналов...
12:57:19 | INFO     | 🎯 [ID: 133358205] Совпадение для канала 1463802595931062374! Тип: LOCATION_WATCH
12:57:22 | INFO     | ✅ Улучшенное изображение сгенерировано: killmail_images/kill_133358205.png
12:57:26 | INFO     | ✅ Уведомление с изображением отправлено в канал 1463802595931062374
12:57:26 | INFO     | ✅ Уведомление отправлено в канал 1463802595931062374
12:57:26 | INFO     | ✅ KillID 133358205 обработан. Совпадений: 1
12:57:26 | INFO     | 📥 [PROCESSOR] Начинаю обработку KillID: 133358205
12:57:26 | INFO     | ⏭️ [PROCESSOR] Пропускаю дубликат KillID: 133358205
12:57:26 | INFO     | 📥 [PROCESSOR] Начинаю обработку KillID: 133358191
12:57:26 | INFO     | 🔍 Запрос хэша для 133358191 у zKillboard...
12:57:28 | INFO     | 🌐 Запрос детальных данных для 133358191 из ESI...
12:57:28 | INFO     | ⚙️ Проверка фильтров 133358191 для 1 каналов...
12:57:28 | INFO     | 🎯 [ID: 133358191] Совпадение для канала 1463802595931062374! Тип: LOCATION_WATCH
12:57:29 | INFO     | ✅ Улучшенное изображение сгенерировано: killmail_images/kill_133358191.png
12:57:31 | INFO     | ✅ Уведомление с изображением отправлено в канал 1463802595931062374
12:57:31 | INFO     | ✅ Уведомление отправлено в канал 1463802595931062374
12:57:31 | INFO     | ✅ KillID 133358191 обработан. Совпадений: 1
12:57:31 | INFO     | 📥 [PROCESSOR] Начинаю обработку KillID: 133358191
12:57:31 | INFO     | ⏭️ [PROCESSOR] Пропускаю дубликат KillID: 133358191
12:57:31 | ERROR    | 💥 Критическая ошибка в processor loop: task_done() called too many times
Traceback (most recent call last):
  File "/home/curvabober/projects/eve/eve-zkill-notifier/src/processor.py", line 99, in start_processor
    data_queue.task_done()
  File "/home/curvabober/miniconda3/envs/eve_bot/lib/python3.10/asyncio/queues.py", line 202, in task_done
    raise ValueError('task_done() called too many times')
ValueError: task_done() called too many times
12:57:32 | ERROR    | 🚨 Processor упал с ошибкой: task_done() called too many times
12:57:32 | WARNING  | 🔄 Требуется перезапуск воркеров (обновление конфига или сбой)
12:57:32 | INFO     | ⏳ Остановка воркеров...
12:57:33 | INFO     | 🛑 Listener получил сигнал остановки
12:57:33 | INFO     | ♻️ Очередь очищена
12:57:33 | INFO     | 📊 Статистика перед рестартом: {'processed_total': 10, 'duplicates_skipped': 3, 'errors': 0, 'notifications_sent': 10}
12:57:33 | INFO     | ⏳ Пауза перед рестартом (2 сек)...
12:57:35 | INFO     | 📋 Конфиг загружен: 23 фильтров для 1 каналов
12:57:35 | INFO     | 🔄 Запуск воркеров с конфигурацией для 1 каналов
12:57:35 | INFO     | 🔗 Подключение к WebSocket zKillboard...
12:57:35 | INFO     | ⚙️ Многоканальный обработчик событий запущен...
12:57:35 | INFO     | 🔥 [PROCESSOR] СЕССИЯ ОТКРЫТА, НАЧИНАЮ ОБРАБОТКУ...
12:57:36 | INFO     | ✅ Успешное подключение к zKillboard WebSocket
12:57:36 | INFO     | 📡 Подготовка подписок на 23 каналов...
12:57:36 | INFO     | ✅ Подписка на killstream установлена
12:57:38 | INFO     | ✅ Все подписки (23) отправлены zKillboard
13:01:18 | INFO     | 📡 [LISTENER] Получен KillID: 133358266. Добавляю в очередь...
13:01:18 | INFO     | 📥 [PROCESSOR] Начинаю обработку KillID: 133358266
13:01:18 | INFO     | 🔍 Запрос хэша для 133358266 у zKillboard...
13:01:18 | INFO     | ✅ [LISTENER] KillID 133358266 добавлен. Размер очереди: 0
13:01:19 | INFO     | 🌐 Запрос детальных данных для 133358266 из ESI...
13:01:19 | INFO     | ⚙️ Проверка фильтров 133358266 для 1 каналов...
13:01:19 | INFO     | 🎯 [ID: 133358266] Совпадение для канала 1463802595931062374! Тип: LOCATION_WATCH
13:01:21 | INFO     | ✅ Улучшенное изображение сгенерировано: killmail_images/kill_133358266.png
13:01:22 | INFO     | ✅ Уведомление с изображением отправлено в канал 1463802595931062374
13:01:22 | INFO     | ✅ Уведомление отправлено в канал 1463802595931062374
13:01:22 | INFO     | ✅ KillID 133358266 обработан. Совпадений: 1
13:03:02 | INFO     | 📡 [LISTENER] Получен KillID: 133358285. Добавляю в очередь...
13:03:02 | INFO     | 📥 [PROCESSOR] Начинаю обработку KillID: 133358285
13:03:02 | INFO     | 🔍 Запрос хэша для 133358285 у zKillboard...
13:03:02 | INFO     | ✅ [LISTENER] KillID 133358285 добавлен. Размер очереди: 0
13:03:03 | INFO     | 🌐 Запрос детальных данных для 133358285 из ESI...
13:03:03 | INFO     | ⚙️ Проверка фильтров 133358285 для 1 каналов...
13:03:03 | INFO     | 🎯 [ID: 133358285] Совпадение для канала 1463802595931062374! Тип: LOCATION_WATCH
13:03:06 | INFO     | ✅ Улучшенное изображение сгенерировано: killmail_images/kill_133358285.png
13:03:07 | INFO     | ✅ Уведомление с изображением отправлено в канал 1463802595931062374
13:03:07 | INFO     | ✅ Уведомление отправлено в канал 1463802595931062374
13:03:07 | INFO     | ✅ KillID 133358285 обработан. Совпадений: 1
13:03:20 | INFO     | 📡 [LISTENER] Получен KillID: 133358284. Добавляю в очередь...
13:03:20 | INFO     | 📥 [PROCESSOR] Начинаю обработку KillID: 133358284
13:03:20 | INFO     | 🔍 Запрос хэша для 133358284 у zKillboard...
13:03:20 | INFO     | ✅ [LISTENER] KillID 133358284 добавлен. Размер очереди: 0
13:03:21 | INFO     | 🌐 Запрос детальных данных для 133358284 из ESI...
13:03:21 | INFO     | ⚙️ Проверка фильтров 133358284 для 1 каналов...
13:03:21 | INFO     | 🎯 [ID: 133358284] Совпадение для канала 1463802595931062374! Тип: LOCATION_WATCH
13:03:23 | INFO     | ✅ Улучшенное изображение сгенерировано: killmail_images/kill_133358284.png
13:03:24 | INFO     | ✅ Уведомление с изображением отправлено в канал 1463802595931062374
13:03:24 | INFO     | ✅ Уведомление отправлено в канал 1463802595931062374
13:03:24 | INFO     | ✅ KillID 133358284 обработан. Совпадений: 1
13:06:19 | INFO     | 🛑 Получен сигнал 2. Инициирую остановку...
13:06:19 | INFO     | 🛑 Получен сигнал остановки. Завершаю работу воркеров...
13:06:19 | INFO     | ⏳ Остановка воркеров...
13:06:19 | INFO     | 🛑 Processor получил сигнал остановки
13:06:19 | INFO     | 🛑 Listener получил сигнал остановки
13:06:19 | INFO     | ♻️ Очередь очищена
13:06:19 | INFO     | 👋 Завершение работы системы мониторинга
13:06:19 | INFO     | 🔌 Закрытие соединений...
13:06:19 | INFO     | 👋 EVE KillBot остановлен. o7
13:06:20 | INFO     | 🚀 Запуск EVE KillBot...
13:06:20 | INFO     | --- ⚙️ СИСТЕМА МОНИТОРИНГА ГОТОВИТСЯ К СТАРТУ ---
13:06:21 | INFO     | --- ⚙️ ИНИЦИАЛИЗАЦИЯ БОТА ---
13:06:21 | INFO     | ✅ Команды загружены: ['add', 'help', 'min', 'ping', 'check', 'remove', 'init', 'status']
13:06:25 | INFO     | ✅ Discord бот готов к работе
13:06:25 | INFO     | 📋 Конфиг загружен: 23 фильтров для 1 каналов
13:06:25 | INFO     | 🔄 Запуск воркеров с конфигурацией для 1 каналов
13:06:25 | INFO     | 🔗 Подключение к WebSocket zKillboard...
13:06:25 | INFO     | ⚙️ Многоканальный обработчик событий запущен...
13:06:25 | INFO     | 🔥 [PROCESSOR] СЕССИЯ ОТКРЫТА, НАЧИНАЮ ОБРАБОТКУ...
13:06:26 | INFO     | ✅ Успешное подключение к zKillboard WebSocket
13:06:26 | INFO     | 📡 Подготовка подписок на 23 каналов...
13:06:26 | INFO     | ✅ Подписка на killstream установлена
13:06:28 | INFO     | ✅ Все подписки (23) отправлены zKillboard
13:08:08 | INFO     | 📡 [LISTENER] Получен KillID: 133358333. Добавляю в очередь...
13:08:08 | INFO     | 📥 [PROCESSOR] Начинаю обработку KillID: 133358333
13:08:08 | INFO     | 🔍 Запрос хэша для 133358333 у zKillboard...
13:08:08 | INFO     | ✅ [LISTENER] KillID 133358333 добавлен. Размер очереди: 0
13:08:08 | INFO     | 🌐 Запрос детальных данных для 133358333 из ESI...
13:08:09 | INFO     | ⚙️ Проверка фильтров 133358333 для 1 каналов...
13:08:09 | INFO     | 🎯 [ID: 133358333] Совпадение для канала 1463802595931062374! Тип: LOCATION_WATCH
13:08:12 | INFO     | ✅ Детальный отчет создан: killmail_images/kill_133358333_detailed.png
13:08:14 | INFO     | ✅ Уведомление с изображением отправлено в канал 1463802595931062374
13:08:14 | INFO     | ✅ Уведомление отправлено в канал 1463802595931062374
13:08:14 | INFO     | ✅ KillID 133358333 обработан. Совпадений: 1
13:08:57 | INFO     | 📡 [LISTENER] Получен KillID: 133358302. Добавляю в очередь...
13:08:57 | INFO     | 📥 [PROCESSOR] Начинаю обработку KillID: 133358302
13:08:57 | INFO     | 🔍 Запрос хэша для 133358302 у zKillboard...
13:08:57 | INFO     | ✅ [LISTENER] KillID 133358302 добавлен. Размер очереди: 0
13:08:57 | INFO     | 🌐 Запрос детальных данных для 133358302 из ESI...
13:08:58 | INFO     | ⚙️ Проверка фильтров 133358302 для 1 каналов...
13:08:58 | INFO     | 🎯 [ID: 133358302] Совпадение для канала 1463802595931062374! Тип: LOCATION_WATCH
13:08:59 | INFO     | ✅ Компактное уведомление создано: killmail_images/kill_133358302_compact.png
13:09:01 | INFO     | ✅ Уведомление с изображением отправлено в канал 1463802595931062374
13:09:01 | INFO     | ✅ Уведомление отправлено в канал 1463802595931062374
13:09:01 | INFO     | ✅ KillID 133358302 обработан. Совпадений: 1
13:11:09 | INFO     | 📡 [LISTENER] Получен KillID: 133358372. Добавляю в очередь...
13:11:09 | INFO     | 📥 [PROCESSOR] Начинаю обработку KillID: 133358372
13:11:09 | INFO     | 🔍 Запрос хэша для 133358372 у zKillboard...
13:11:09 | INFO     | ✅ [LISTENER] KillID 133358372 добавлен. Размер очереди: 0
13:11:10 | INFO     | 🌐 Запрос детальных данных для 133358372 из ESI...
13:11:11 | INFO     | ⚙️ Проверка фильтров 133358372 для 1 каналов...
13:11:11 | INFO     | 🎯 [ID: 133358372] Совпадение для канала 1463802595931062374! Тип: LOCATION_WATCH
13:11:15 | INFO     | ✅ Детальный отчет создан: killmail_images/kill_133358372_detailed.png
13:11:17 | INFO     | ✅ Уведомление с изображением отправлено в канал 1463802595931062374
13:11:17 | INFO     | ✅ Уведомление отправлено в канал 1463802595931062374
13:11:17 | INFO     | ✅ KillID 133358372 обработан. Совпадений: 1
13:14:40 | INFO     | 📡 [LISTENER] Получен KillID: 133358293. Добавляю в очередь...
13:14:40 | INFO     | 📥 [PROCESSOR] Начинаю обработку KillID: 133358293
13:14:40 | INFO     | 🔍 Запрос хэша для 133358293 у zKillboard...
13:14:40 | INFO     | ✅ [LISTENER] KillID 133358293 добавлен. Размер очереди: 0
13:14:40 | INFO     | 📡 [LISTENER] Получен KillID: 133358281. Добавляю в очередь...
13:14:40 | INFO     | ✅ [LISTENER] KillID 133358281 добавлен. Размер очереди: 1
13:14:40 | INFO     | 🌐 Запрос детальных данных для 133358293 из ESI...
13:14:41 | INFO     | ⚙️ Проверка фильтров 133358293 для 1 каналов...
13:14:41 | INFO     | 🎯 [ID: 133358293] Совпадение для канала 1463802595931062374! Тип: PRIORITY_TARGET
13:14:43 | INFO     | ✅ Детальный отчет создан: killmail_images/kill_133358293_detailed.png
13:14:46 | INFO     | ✅ Уведомление с изображением отправлено в канал 1463802595931062374
13:14:46 | INFO     | ✅ Уведомление отправлено в канал 1463802595931062374
13:14:46 | INFO     | ✅ KillID 133358293 обработан. Совпадений: 1
13:14:46 | INFO     | 📥 [PROCESSOR] Начинаю обработку KillID: 133358281
13:14:46 | INFO     | 🔍 Запрос хэша для 133358281 у zKillboard...
13:14:46 | INFO     | 🌐 Запрос детальных данных для 133358281 из ESI...
13:14:47 | INFO     | ⚙️ Проверка фильтров 133358281 для 1 каналов...
13:14:47 | INFO     | 🎯 [ID: 133358281] Совпадение для канала 1463802595931062374! Тип: LOCATION_WATCH
13:14:49 | INFO     | ✅ Детальный отчет создан: killmail_images/kill_133358281_detailed.png
13:14:52 | INFO     | ✅ Уведомление с изображением отправлено в канал 1463802595931062374
13:14:52 | INFO     | ✅ Уведомление отправлено в канал 1463802595931062374
13:14:52 | INFO     | ✅ KillID 133358281 обработан. Совпадений: 1
13:16:47 | INFO     | 📡 [LISTENER] Получен KillID: 133358482. Добавляю в очередь...
13:16:47 | INFO     | 📥 [PROCESSOR] Начинаю обработку KillID: 133358482
13:16:47 | INFO     | 🔍 Запрос хэша для 133358482 у zKillboard...
13:16:47 | INFO     | ✅ [LISTENER] KillID 133358482 добавлен. Размер очереди: 0
13:16:49 | INFO     | 🌐 Запрос детальных данных для 133358482 из ESI...
13:16:50 | INFO     | ⚙️ Проверка фильтров 133358482 для 1 каналов...
13:16:50 | INFO     | 🎯 [ID: 133358482] Совпадение для канала 1463802595931062374! Тип: LOCATION_WATCH
13:16:52 | INFO     | ✅ Компактное уведомление создано: killmail_images/kill_133358482_compact.png
13:16:53 | INFO     | ✅ Уведомление с изображением отправлено в канал 1463802595931062374
13:16:53 | INFO     | ✅ Уведомление отправлено в канал 1463802595931062374
13:16:53 | INFO     | ✅ KillID 133358482 обработан. Совпадений: 1
13:23:39 | INFO     | 📡 [LISTENER] Получен KillID: 133358557. Добавляю в очередь...
13:23:39 | INFO     | 📥 [PROCESSOR] Начинаю обработку KillID: 133358557
13:23:39 | INFO     | 🔍 Запрос хэша для 133358557 у zKillboard...
13:23:39 | INFO     | ✅ [LISTENER] KillID 133358557 добавлен. Размер очереди: 0
13:23:39 | INFO     | 📡 [LISTENER] Получен KillID: 133358553. Добавляю в очередь...
13:23:39 | INFO     | ✅ [LISTENER] KillID 133358553 добавлен. Размер очереди: 1
13:23:40 | INFO     | 🌐 Запрос детальных данных для 133358557 из ESI...
13:23:40 | INFO     | 📡 [LISTENER] Получен KillID: 133358551. Добавляю в очередь...
13:23:40 | INFO     | ✅ [LISTENER] KillID 133358551 добавлен. Размер очереди: 2
13:23:40 | INFO     | 📡 [LISTENER] Получен KillID: 133358549. Добавляю в очередь...
13:23:40 | INFO     | ✅ [LISTENER] KillID 133358549 добавлен. Размер очереди: 3
13:23:40 | INFO     | ⚙️ Проверка фильтров 133358557 для 1 каналов...
13:23:40 | INFO     | 🎯 [ID: 133358557] Совпадение для канала 1463802595931062374! Тип: LOCATION_WATCH
13:23:41 | INFO     | 📡 [LISTENER] Получен KillID: 133358541. Добавляю в очередь...
13:23:41 | INFO     | ✅ [LISTENER] KillID 133358541 добавлен. Размер очереди: 4
13:23:41 | INFO     | 📡 [LISTENER] Получен KillID: 133358538. Добавляю в очередь...
13:23:41 | INFO     | ✅ [LISTENER] KillID 133358538 добавлен. Размер очереди: 5
13:23:42 | INFO     | 📡 [LISTENER] Получен KillID: 133358535. Добавляю в очередь...
13:23:42 | INFO     | ✅ [LISTENER] KillID 133358535 добавлен. Размер очереди: 6
13:23:42 | INFO     | ✅ Компактное уведомление создано: killmail_images/kill_133358557_compact.png
13:23:42 | INFO     | 📡 [LISTENER] Получен KillID: 133358531. Добавляю в очередь...
13:23:42 | INFO     | ✅ [LISTENER] KillID 133358531 добавлен. Размер очереди: 7
13:23:42 | INFO     | 📡 [LISTENER] Получен KillID: 133358528. Добавляю в очередь...
13:23:42 | INFO     | ✅ [LISTENER] KillID 133358528 добавлен. Размер очереди: 8
13:23:43 | INFO     | 📡 [LISTENER] Получен KillID: 133358524. Добавляю в очередь...
13:23:43 | INFO     | ✅ [LISTENER] KillID 133358524 добавлен. Размер очереди: 9
13:23:43 | INFO     | ✅ Уведомление с изображением отправлено в канал 1463802595931062374
13:23:43 | INFO     | ✅ Уведомление отправлено в канал 1463802595931062374
13:23:43 | INFO     | ✅ KillID 133358557 обработан. Совпадений: 1
13:23:43 | INFO     | 📥 [PROCESSOR] Начинаю обработку KillID: 133358553
13:23:43 | INFO     | 🔍 Запрос хэша для 133358553 у zKillboard...
13:23:43 | INFO     | 🌐 Запрос детальных данных для 133358553 из ESI...
13:23:43 | INFO     | ⚙️ Проверка фильтров 133358553 для 1 каналов...
13:23:43 | INFO     | 🎯 [ID: 133358553] Совпадение для канала 1463802595931062374! Тип: LOCATION_WATCH
13:23:46 | INFO     | ✅ Детальный отчет создан: killmail_images/kill_133358553_detailed.png
13:23:47 | INFO     | ✅ Уведомление с изображением отправлено в канал 1463802595931062374
13:23:47 | INFO     | ✅ Уведомление отправлено в канал 1463802595931062374
13:23:47 | INFO     | ✅ KillID 133358553 обработан. Совпадений: 1
13:23:47 | INFO     | 📥 [PROCESSOR] Начинаю обработку KillID: 133358551
13:23:47 | INFO     | 🔍 Запрос хэша для 133358551 у zKillboard...
13:23:48 | INFO     | 🌐 Запрос детальных данных для 133358551 из ESI...
13:23:48 | INFO     | ⚙️ Проверка фильтров 133358551 для 1 каналов...
13:23:48 | INFO     | 🎯 [ID: 133358551] Совпадение для канала 1463802595931062374! Тип: LOCATION_WATCH
13:23:49 | INFO     | ✅ Детальный отчет создан: killmail_images/kill_133358551_detailed.png
13:23:52 | INFO     | ✅ Уведомление с изображением отправлено в канал 1463802595931062374
13:23:52 | INFO     | ✅ Уведомление отправлено в канал 1463802595931062374
13:23:52 | INFO     | ✅ KillID 133358551 обработан. Совпадений: 1
13:23:52 | INFO     | 📥 [PROCESSOR] Начинаю обработку KillID: 133358549
13:23:52 | INFO     | 🔍 Запрос хэша для 133358549 у zKillboard...
13:23:52 | INFO     | 🌐 Запрос детальных данных для 133358549 из ESI...
13:23:52 | INFO     | ⚙️ Проверка фильтров 133358549 для 1 каналов...
13:23:52 | INFO     | 🎯 [ID: 133358549] Совпадение для канала 1463802595931062374! Тип: LOCATION_WATCH
13:23:54 | INFO     | ✅ Детальный отчет создан: killmail_images/kill_133358549_detailed.png
13:23:55 | INFO     | ✅ Уведомление с изображением отправлено в канал 1463802595931062374
13:23:55 | INFO     | ✅ Уведомление отправлено в канал 1463802595931062374
13:23:55 | INFO     | ✅ KillID 133358549 обработан. Совпадений: 1
13:23:55 | INFO     | 📥 [PROCESSOR] Начинаю обработку KillID: 133358541
13:23:55 | INFO     | 🔍 Запрос хэша для 133358541 у zKillboard...
13:23:55 | INFO     | 🌐 Запрос детальных данных для 133358541 из ESI...
13:23:56 | INFO     | ⚙️ Проверка фильтров 133358541 для 1 каналов...
13:23:56 | INFO     | 🎯 [ID: 133358541] Совпадение для канала 1463802595931062374! Тип: LOCATION_WATCH
13:23:56 | INFO     | ✅ Детальный отчет создан: killmail_images/kill_133358541_detailed.png
13:23:58 | INFO     | ✅ Уведомление с изображением отправлено в канал 1463802595931062374
13:23:58 | INFO     | ✅ Уведомление отправлено в канал 1463802595931062374
13:23:58 | INFO     | ✅ KillID 133358541 обработан. Совпадений: 1
13:23:58 | INFO     | 📥 [PROCESSOR] Начинаю обработку KillID: 133358538
13:23:58 | INFO     | 🔍 Запрос хэша для 133358538 у zKillboard...
13:23:59 | INFO     | 🌐 Запрос детальных данных для 133358538 из ESI...
13:23:59 | INFO     | ⚙️ Проверка фильтров 133358538 для 1 каналов...
13:23:59 | INFO     | 🎯 [ID: 133358538] Совпадение для канала 1463802595931062374! Тип: LOCATION_WATCH
13:24:00 | INFO     | ✅ Детальный отчет создан: killmail_images/kill_133358538_detailed.png
13:24:03 | INFO     | ✅ Уведомление с изображением отправлено в канал 1463802595931062374
13:24:03 | INFO     | ✅ Уведомление отправлено в канал 1463802595931062374
13:24:03 | INFO     | ✅ KillID 133358538 обработан. Совпадений: 1
13:24:03 | INFO     | 📥 [PROCESSOR] Начинаю обработку KillID: 133358535
13:24:03 | INFO     | 🔍 Запрос хэша для 133358535 у zKillboard...
13:24:03 | INFO     | 🌐 Запрос детальных данных для 133358535 из ESI...
13:24:03 | INFO     | ⚙️ Проверка фильтров 133358535 для 1 каналов...
13:24:03 | INFO     | 🎯 [ID: 133358535] Совпадение для канала 1463802595931062374! Тип: LOCATION_WATCH
13:24:05 | INFO     | ✅ Детальный отчет создан: killmail_images/kill_133358535_detailed.png
13:24:07 | INFO     | ✅ Уведомление с изображением отправлено в канал 1463802595931062374
13:24:07 | INFO     | ✅ Уведомление отправлено в канал 1463802595931062374
13:24:07 | INFO     | ✅ KillID 133358535 обработан. Совпадений: 1
13:24:07 | INFO     | 📥 [PROCESSOR] Начинаю обработку KillID: 133358531
13:24:07 | INFO     | 🔍 Запрос хэша для 133358531 у zKillboard...
13:24:07 | INFO     | 🌐 Запрос детальных данных для 133358531 из ESI...
13:24:08 | INFO     | ⚙️ Проверка фильтров 133358531 для 1 каналов...
13:24:08 | INFO     | 🎯 [ID: 133358531] Совпадение для канала 1463802595931062374! Тип: LOCATION_WATCH
13:24:08 | INFO     | ✅ Детальный отчет создан: killmail_images/kill_133358531_detailed.png
13:24:10 | INFO     | ✅ Уведомление с изображением отправлено в канал 1463802595931062374
13:24:10 | INFO     | ✅ Уведомление отправлено в канал 1463802595931062374
13:24:10 | INFO     | ✅ KillID 133358531 обработан. Совпадений: 1
13:24:10 | INFO     | 📥 [PROCESSOR] Начинаю обработку KillID: 133358528
13:24:10 | INFO     | 🔍 Запрос хэша для 133358528 у zKillboard...
13:24:10 | INFO     | 🌐 Запрос детальных данных для 133358528 из ESI...
13:24:10 | INFO     | ⚙️ Проверка фильтров 133358528 для 1 каналов...
13:24:10 | INFO     | 🎯 [ID: 133358528] Совпадение для канала 1463802595931062374! Тип: LOCATION_WATCH
13:24:11 | INFO     | ✅ Детальный отчет создан: killmail_images/kill_133358528_detailed.png
13:24:13 | INFO     | ✅ Уведомление с изображением отправлено в канал 1463802595931062374
13:24:13 | INFO     | ✅ Уведомление отправлено в канал 1463802595931062374
13:24:13 | INFO     | ✅ KillID 133358528 обработан. Совпадений: 1
13:24:13 | INFO     | 📥 [PROCESSOR] Начинаю обработку KillID: 133358524
13:24:13 | INFO     | 🔍 Запрос хэша для 133358524 у zKillboard...
13:24:13 | INFO     | 🌐 Запрос детальных данных для 133358524 из ESI...
13:24:13 | INFO     | ⚙️ Проверка фильтров 133358524 для 1 каналов...
13:24:13 | INFO     | 🎯 [ID: 133358524] Совпадение для канала 1463802595931062374! Тип: LOCATION_WATCH
13:24:14 | INFO     | ✅ Детальный отчет создан: killmail_images/kill_133358524_detailed.png
13:24:16 | INFO     | ✅ Уведомление с изображением отправлено в канал 1463802595931062374
13:24:16 | INFO     | ✅ Уведомление отправлено в канал 1463802595931062374
13:24:16 | INFO     | ✅ KillID 133358524 обработан. Совпадений: 1
13:24:18 | INFO     | 📡 [LISTENER] Получен KillID: 133358601. Добавляю в очередь...
13:24:18 | INFO     | 📥 [PROCESSOR] Начинаю обработку KillID: 133358601
13:24:18 | INFO     | 🔍 Запрос хэша для 133358601 у zKillboard...
13:24:18 | INFO     | ✅ [LISTENER] KillID 133358601 добавлен. Размер очереди: 0
13:24:18 | INFO     | 🌐 Запрос детальных данных для 133358601 из ESI...
13:24:18 | INFO     | ⚙️ Проверка фильтров 133358601 для 1 каналов...
13:24:18 | INFO     | 🎯 [ID: 133358601] Совпадение для канала 1463802595931062374! Тип: PRIORITY_TARGET
13:24:19 | INFO     | ✅ Детальный отчет создан: killmail_images/kill_133358601_detailed.png
13:24:21 | INFO     | ✅ Уведомление с изображением отправлено в канал 1463802595931062374
13:24:21 | INFO     | ✅ Уведомление отправлено в канал 1463802595931062374
13:24:21 | INFO     | ✅ KillID 133358601 обработан. Совпадений: 1
13:24:27 | INFO     | 📡 [LISTENER] Получен KillID: 133358570. Добавляю в очередь...
13:24:27 | INFO     | 📥 [PROCESSOR] Начинаю обработку KillID: 133358570
13:24:27 | INFO     | 🔍 Запрос хэша для 133358570 у zKillboard...
13:24:27 | INFO     | ✅ [LISTENER] KillID 133358570 добавлен. Размер очереди: 0
13:24:27 | INFO     | 📡 [LISTENER] Получен KillID: 133358568. Добавляю в очередь...
13:24:27 | INFO     | ✅ [LISTENER] KillID 133358568 добавлен. Размер очереди: 1
13:24:27 | INFO     | 🌐 Запрос детальных данных для 133358570 из ESI...
13:24:27 | INFO     | ⚙️ Проверка фильтров 133358570 для 1 каналов...
13:24:27 | INFO     | 🎯 [ID: 133358570] Совпадение для канала 1463802595931062374! Тип: PRIORITY_TARGET
13:24:28 | INFO     | ✅ Детальный отчет создан: killmail_images/kill_133358570_detailed.png
13:24:32 | INFO     | ✅ Уведомление с изображением отправлено в канал 1463802595931062374
13:24:32 | INFO     | ✅ Уведомление отправлено в канал 1463802595931062374
13:24:32 | INFO     | ✅ KillID 133358570 обработан. Совпадений: 1
13:24:32 | INFO     | 📥 [PROCESSOR] Начинаю обработку KillID: 133358568
13:24:32 | INFO     | 🔍 Запрос хэша для 133358568 у zKillboard...
13:24:32 | INFO     | 🌐 Запрос детальных данных для 133358568 из ESI...
13:24:32 | INFO     | ⚙️ Проверка фильтров 133358568 для 1 каналов...
13:24:32 | INFO     | 🎯 [ID: 133358568] Совпадение для канала 1463802595931062374! Тип: LOCATION_WATCH
13:24:32 | INFO     | ✅ Компактное уведомление создано: killmail_images/kill_133358568_compact.png
13:24:33 | INFO     | ✅ Уведомление с изображением отправлено в канал 1463802595931062374
13:24:33 | INFO     | ✅ Уведомление отправлено в канал 1463802595931062374
13:24:33 | INFO     | ✅ KillID 133358568 обработан. Совпадений: 1
13:25:54 | INFO     | 📡 [LISTENER] Получен KillID: 133358376. Добавляю в очередь...
13:25:54 | INFO     | 📥 [PROCESSOR] Начинаю обработку KillID: 133358376
13:25:54 | INFO     | 🔍 Запрос хэша для 133358376 у zKillboard...
13:25:54 | INFO     | ✅ [LISTENER] KillID 133358376 добавлен. Размер очереди: 0
13:25:55 | INFO     | 🌐 Запрос детальных данных для 133358376 из ESI...
13:25:55 | INFO     | ⚙️ Проверка фильтров 133358376 для 1 каналов...
13:25:55 | INFO     | 🎯 [ID: 133358376] Совпадение для канала 1463802595931062374! Тип: LOCATION_WATCH
13:25:57 | INFO     | ✅ Компактное уведомление создано: killmail_images/kill_133358376_compact.png
13:26:01 | INFO     | ✅ Уведомление с изображением отправлено в канал 1463802595931062374
13:26:01 | INFO     | ✅ Уведомление отправлено в канал 1463802595931062374
13:26:01 | INFO     | ✅ KillID 133358376 обработан. Совпадений: 1
13:26:16 | INFO     | 📡 [LISTENER] Получен KillID: 133358377. Добавляю в очередь...
13:26:16 | INFO     | 📥 [PROCESSOR] Начинаю обработку KillID: 133358377
13:26:16 | INFO     | 🔍 Запрос хэша для 133358377 у zKillboard...
13:26:16 | INFO     | ✅ [LISTENER] KillID 133358377 добавлен. Размер очереди: 0
13:26:17 | INFO     | 🌐 Запрос детальных данных для 133358377 из ESI...
13:26:17 | INFO     | ⚙️ Проверка фильтров 133358377 для 1 каналов...
13:26:17 | INFO     | 🎯 [ID: 133358377] Совпадение для канала 1463802595931062374! Тип: LOCATION_WATCH
13:26:17 | INFO     | ✅ Компактное уведомление создано: killmail_images/kill_133358377_compact.png
13:26:18 | INFO     | ✅ Уведомление с изображением отправлено в канал 1463802595931062374
13:26:18 | INFO     | ✅ Уведомление отправлено в канал 1463802595931062374
13:26:18 | INFO     | ✅ KillID 133358377 обработан. Совпадений: 1
13:28:03 | INFO     | 🛑 Получен сигнал 2. Инициирую остановку...
13:28:04 | INFO     | 🛑 Получен сигнал остановки. Завершаю работу воркеров...
13:28:04 | INFO     | ⏳ Остановка воркеров...
13:28:04 | INFO     | 🛑 Processor получил сигнал остановки
13:28:05 | INFO     | 🛑 Listener получил сигнал остановки
13:28:05 | INFO     | ♻️ Очередь очищена
13:28:05 | INFO     | 👋 Завершение работы системы мониторинга
13:28:05 | INFO     | 🔌 Закрытие соединений...
13:28:05 | INFO     | 👋 EVE KillBot остановлен. o7
13:30:43 | INFO     | 🚀 Запуск EVE KillBot...
13:30:43 | INFO     | --- ⚙️ СИСТЕМА МОНИТОРИНГА ГОТОВИТСЯ К СТАРТУ ---
13:30:54 | INFO     | ✅ Discord бот готов к работе
13:30:54 | INFO     | 📋 Конфиг загружен: 23 фильтров для 1 каналов
13:30:54 | INFO     | 🔄 Запуск воркеров с конфигурацией для 1 каналов
13:30:54 | INFO     | 🔗 Подключение к WebSocket zKillboard...
13:30:54 | INFO     | ⚙️ Многоканальный обработчик событий запущен...
13:30:54 | INFO     | 🔥 [PROCESSOR] СЕССИЯ ОТКРЫТА, НАЧИНАЮ ОБРАБОТКУ...
13:30:55 | INFO     | ✅ Успешное подключение к zKillboard WebSocket
13:30:55 | INFO     | 📡 Подготовка подписок на 23 каналов...
13:30:55 | INFO     | ✅ Подписка на killstream установлена
13:30:57 | INFO     | ✅ Все подписки (23) отправлены zKillboard
13:33:05 | INFO     | 📡 [LISTENER] Получен KillID: 133358661. Добавляю в очередь...
13:33:05 | INFO     | 📥 [PROCESSOR] Начинаю обработку KillID: 133358661
13:33:05 | INFO     | 🔍 Запрос хэша для 133358661 у zKillboard...
13:33:05 | INFO     | ✅ [LISTENER] KillID 133358661 добавлен. Размер очереди: 0
13:33:06 | INFO     | 🌐 Запрос детальных данных для 133358661 из ESI...
13:33:07 | INFO     | ⚙️ Проверка фильтров 133358661 для 1 каналов...
13:33:07 | INFO     | 🎯 [ID: 133358661] Совпадение для канала 1463802595931062374! Тип: LOCATION_WATCH
13:33:10 | INFO     | ✅ Уведомление отправлено в канал 1463802595931062374
13:33:10 | INFO     | ✅ KillID 133358661 обработан. Совпадений: 1
13:33:56 | INFO     | 📡 [LISTENER] Получен KillID: 133358701. Добавляю в очередь...
13:33:56 | INFO     | 📥 [PROCESSOR] Начинаю обработку KillID: 133358701
13:33:56 | INFO     | 🔍 Запрос хэша для 133358701 у zKillboard...
13:33:56 | INFO     | ✅ [LISTENER] KillID 133358701 добавлен. Размер очереди: 0
13:33:56 | INFO     | 📡 [LISTENER] Получен KillID: 133358679. Добавляю в очередь...
13:33:56 | INFO     | ✅ [LISTENER] KillID 133358679 добавлен. Размер очереди: 1
13:33:57 | INFO     | 🌐 Запрос детальных данных для 133358701 из ESI...
13:33:58 | INFO     | ⚙️ Проверка фильтров 133358701 для 1 каналов...
13:33:58 | INFO     | 🎯 [ID: 133358701] Совпадение для канала 1463802595931062374! Тип: PRIORITY_TARGET
13:34:03 | INFO     | ✅ Уведомление отправлено в канал 1463802595931062374
13:34:03 | INFO     | ✅ KillID 133358701 обработан. Совпадений: 1
13:34:03 | INFO     | 📥 [PROCESSOR] Начинаю обработку KillID: 133358679
13:34:03 | INFO     | 🔍 Запрос хэша для 133358679 у zKillboard...
13:34:03 | INFO     | 🌐 Запрос детальных данных для 133358679 из ESI...
13:34:03 | INFO     | ⚙️ Проверка фильтров 133358679 для 1 каналов...
13:34:03 | INFO     | 🎯 [ID: 133358679] Совпадение для канала 1463802595931062374! Тип: LOCATION_WATCH
13:34:04 | INFO     | ✅ Уведомление отправлено в канал 1463802595931062374
13:34:04 | INFO     | ✅ KillID 133358679 обработан. Совпадений: 1
13:35:00 | INFO     | 🛑 Получен сигнал 2. Инициирую остановку...
13:35:02 | INFO     | 🛑 Получен сигнал остановки. Завершаю работу воркеров...
13:35:02 | INFO     | ⏳ Остановка воркеров...
13:35:02 | INFO     | 🛑 Processor получил сигнал остановки
13:35:02 | INFO     | 🛑 Listener получил сигнал остановки
13:35:02 | INFO     | ♻️ Очередь очищена
13:35:02 | INFO     | 👋 Завершение работы системы мониторинга
13:35:02 | INFO     | 🔌 Закрытие соединений...
13:35:02 | INFO     | 👋 EVE KillBot остановлен. o7
13:35:06 | INFO     | 🚀 Запуск EVE KillBot...
13:35:06 | INFO     | --- ⚙️ СИСТЕМА МОНИТОРИНГА ГОТОВИТСЯ К СТАРТУ ---
13:35:10 | INFO     | ✅ Discord бот готов к работе
13:35:10 | INFO     | 📋 Конфиг загружен: 23 фильтров для 1 каналов
13:35:10 | INFO     | 🔄 Запуск воркеров с конфигурацией для 1 каналов
13:35:10 | INFO     | 🔗 Подключение к WebSocket zKillboard...
13:35:10 | INFO     | ⚙️ Многоканальный обработчик событий запущен...
13:35:10 | INFO     | 🔥 [PROCESSOR] СЕССИЯ ОТКРЫТА, НАЧИНАЮ ОБРАБОТКУ...
13:35:11 | INFO     | ✅ Успешное подключение к zKillboard WebSocket
13:35:11 | INFO     | 📡 Подготовка подписок на 23 каналов...
13:35:11 | INFO     | ✅ Подписка на killstream установлена
13:35:13 | INFO     | ✅ Все подписки (23) отправлены zKillboard
13:36:32 | INFO     | 📡 [LISTENER] Получен KillID: 133358746. Добавляю в очередь...
13:36:32 | INFO     | 📥 [PROCESSOR] Начинаю обработку KillID: 133358746
13:36:32 | INFO     | 🔍 Запрос хэша для 133358746 у zKillboard...
13:36:32 | INFO     | ✅ [LISTENER] KillID 133358746 добавлен. Размер очереди: 0
13:36:32 | INFO     | 📡 [LISTENER] Получен KillID: 133358713. Добавляю в очередь...
13:36:32 | INFO     | ✅ [LISTENER] KillID 133358713 добавлен. Размер очереди: 1
13:36:32 | INFO     | 🌐 Запрос детальных данных для 133358746 из ESI...
13:36:33 | INFO     | ⚙️ Проверка фильтров 133358746 для 1 каналов...
13:36:33 | INFO     | 🎯 [ID: 133358746] Совпадение для канала 1463802595931062374! Тип: LOCATION_WATCH
13:36:35 | INFO     | ✅ Уведомление отправлено в канал 1463802595931062374
13:36:35 | INFO     | ✅ KillID 133358746 обработан. Совпадений: 1
13:36:35 | INFO     | 📥 [PROCESSOR] Начинаю обработку KillID: 133358713
13:36:35 | INFO     | 🔍 Запрос хэша для 133358713 у zKillboard...
13:36:35 | INFO     | 🌐 Запрос детальных данных для 133358713 из ESI...
13:36:35 | INFO     | ⚙️ Проверка фильтров 133358713 для 1 каналов...
13:36:35 | INFO     | 🎯 [ID: 133358713] Совпадение для канала 1463802595931062374! Тип: LOCATION_WATCH
13:36:37 | INFO     | ✅ Уведомление отправлено в канал 1463802595931062374
13:36:37 | INFO     | ✅ KillID 133358713 обработан. Совпадений: 1
13:41:03 | INFO     | 📡 [LISTENER] Получен KillID: 133358008. Добавляю в очередь...
13:41:03 | INFO     | 📥 [PROCESSOR] Начинаю обработку KillID: 133358008
13:41:03 | INFO     | 🔍 Запрос хэша для 133358008 у zKillboard...
13:41:03 | INFO     | ✅ [LISTENER] KillID 133358008 добавлен. Размер очереди: 0
13:41:04 | INFO     | 🌐 Запрос детальных данных для 133358008 из ESI...
13:41:05 | INFO     | ⚙️ Проверка фильтров 133358008 для 1 каналов...
13:41:05 | INFO     | 🎯 [ID: 133358008] Совпадение для канала 1463802595931062374! Тип: PRIORITY_TARGET
13:41:07 | INFO     | ✅ Уведомление отправлено в канал 1463802595931062374
13:41:07 | INFO     | ✅ KillID 133358008 обработан. Совпадений: 1
13:42:41 | INFO     | 🛑 Получен сигнал 2. Инициирую остановку...
13:42:42 | INFO     | 🛑 Получен сигнал остановки. Завершаю работу воркеров...
13:42:42 | INFO     | ⏳ Остановка воркеров...
13:42:42 | INFO     | 🛑 Processor получил сигнал остановки
13:42:43 | INFO     | 🛑 Listener получил сигнал остановки
13:42:43 | INFO     | ♻️ Очередь очищена
13:42:43 | INFO     | 👋 Завершение работы системы мониторинга
13:42:43 | INFO     | 🔌 Закрытие соединений...
13:42:43 | INFO     | 👋 EVE KillBot остановлен. o7
13:42:45 | INFO     | 🚀 Запуск EVE KillBot...
13:42:45 | INFO     | --- ⚙️ СИСТЕМА МОНИТОРИНГА ГОТОВИТСЯ К СТАРТУ ---
13:42:50 | INFO     | ✅ Discord бот готов к работе
13:42:50 | INFO     | 📋 Конфиг загружен: 23 фильтров для 1 каналов
13:42:50 | INFO     | 🔄 Запуск воркеров с конфигурацией для 1 каналов
13:42:50 | INFO     | 🔗 Подключение к WebSocket zKillboard...
13:42:50 | INFO     | ⚙️ Многоканальный обработчик событий запущен...
13:42:50 | INFO     | 🔥 [PROCESSOR] СЕССИЯ ОТКРЫТА, НАЧИНАЮ ОБРАБОТКУ...
13:42:52 | INFO     | ✅ Успешное подключение к zKillboard WebSocket
13:42:52 | INFO     | 📡 Подготовка подписок на 23 каналов...
13:42:52 | INFO     | ✅ Подписка на killstream установлена
13:42:55 | INFO     | ✅ Все подписки (23) отправлены zKillboard
13:46:04 | INFO     | 📡 [LISTENER] Получен KillID: 133358881. Добавляю в очередь...
13:46:04 | INFO     | 📥 [PROCESSOR] Начинаю обработку KillID: 133358881
13:46:04 | INFO     | 🔍 Запрос хэша для 133358881 у zKillboard...
13:46:04 | INFO     | ✅ [LISTENER] KillID 133358881 добавлен. Размер очереди: 0
13:46:05 | INFO     | 🌐 Запрос детальных данных для 133358881 из ESI...
13:46:05 | INFO     | ⚙️ Проверка фильтров 133358881 для 1 каналов...
13:46:05 | INFO     | 🎯 [ID: 133358881] Совпадение для канала 1463802595931062374! Тип: LOCATION_WATCH
13:46:06 | ERROR    | ❌ Ошибка картинки: local variable 'x' referenced before assignment
13:46:07 | INFO     | ✅ Уведомление отправлено в канал 1463802595931062374
13:46:07 | INFO     | ✅ KillID 133358881 обработан. Совпадений: 1
13:46:10 | INFO     | 📡 [LISTENER] Получен KillID: 133358883. Добавляю в очередь...
13:46:10 | INFO     | 📥 [PROCESSOR] Начинаю обработку KillID: 133358883
13:46:10 | INFO     | 🔍 Запрос хэша для 133358883 у zKillboard...
13:46:10 | INFO     | ✅ [LISTENER] KillID 133358883 добавлен. Размер очереди: 0
13:46:11 | INFO     | 🌐 Запрос детальных данных для 133358883 из ESI...
13:46:11 | INFO     | ⚙️ Проверка фильтров 133358883 для 1 каналов...
13:46:11 | INFO     | 🎯 [ID: 133358883] Совпадение для канала 1463802595931062374! Тип: LOCATION_WATCH
13:46:11 | ERROR    | ❌ Ошибка картинки: local variable 'x' referenced before assignment
13:46:11 | INFO     | ✅ Уведомление отправлено в канал 1463802595931062374
13:46:11 | INFO     | ✅ KillID 133358883 обработан. Совпадений: 1
13:46:58 | INFO     | 🛑 Получен сигнал 2. Инициирую остановку...
13:46:58 | INFO     | 🛑 Получен сигнал остановки. Завершаю работу воркеров...
13:46:58 | INFO     | ⏳ Остановка воркеров...
13:46:58 | INFO     | 🛑 Processor получил сигнал остановки
13:46:59 | INFO     | 🛑 Listener получил сигнал остановки
13:46:59 | INFO     | ♻️ Очередь очищена
13:46:59 | INFO     | 👋 Завершение работы системы мониторинга
13:46:59 | INFO     | 🔌 Закрытие соединений...
13:46:59 | INFO     | 👋 EVE KillBot остановлен. o7
13:47:01 | INFO     | 🚀 Запуск EVE KillBot...
13:47:01 | INFO     | --- ⚙️ СИСТЕМА МОНИТОРИНГА ГОТОВИТСЯ К СТАРТУ ---
13:47:09 | INFO     | ✅ Discord бот готов к работе
13:47:09 | INFO     | 📋 Конфиг загружен: 23 фильтров для 1 каналов
13:47:09 | INFO     | 🔄 Запуск воркеров с конфигурацией для 1 каналов
13:47:09 | INFO     | 🔗 Подключение к WebSocket zKillboard...
13:47:09 | INFO     | ⚙️ Многоканальный обработчик событий запущен...
13:47:09 | INFO     | 🔥 [PROCESSOR] СЕССИЯ ОТКРЫТА, НАЧИНАЮ ОБРАБОТКУ...
13:47:09 | INFO     | ✅ Успешное подключение к zKillboard WebSocket
13:47:09 | INFO     | 📡 Подготовка подписок на 23 каналов...
13:47:10 | INFO     | ✅ Подписка на killstream установлена
13:47:12 | INFO     | ✅ Все подписки (23) отправлены zKillboard
13:47:46 | INFO     | 📡 [LISTENER] Получен KillID: 133358766. Добавляю в очередь...
13:47:46 | INFO     | 📥 [PROCESSOR] Начинаю обработку KillID: 133358766
13:47:46 | INFO     | 🔍 Запрос хэша для 133358766 у zKillboard...
13:47:46 | INFO     | ✅ [LISTENER] KillID 133358766 добавлен. Размер очереди: 0
13:47:46 | INFO     | 📡 [LISTENER] Получен KillID: 133358765. Добавляю в очередь...
13:47:46 | INFO     | ✅ [LISTENER] KillID 133358765 добавлен. Размер очереди: 1
13:47:47 | INFO     | 🌐 Запрос детальных данных для 133358766 из ESI...
13:47:48 | INFO     | ⚙️ Проверка фильтров 133358766 для 1 каналов...
13:47:48 | INFO     | 🎯 [ID: 133358766] Совпадение для канала 1463802595931062374! Тип: PRIORITY_TARGET
13:47:50 | INFO     | ✅ Уведомление отправлено в канал 1463802595931062374
13:47:50 | INFO     | ✅ KillID 133358766 обработан. Совпадений: 1
13:47:50 | INFO     | 📥 [PROCESSOR] Начинаю обработку KillID: 133358765
13:47:50 | INFO     | 🔍 Запрос хэша для 133358765 у zKillboard...
13:47:50 | INFO     | 🌐 Запрос детальных данных для 133358765 из ESI...
13:47:50 | INFO     | ⚙️ Проверка фильтров 133358765 для 1 каналов...
13:47:50 | INFO     | 🎯 [ID: 133358765] Совпадение для канала 1463802595931062374! Тип: LOCATION_WATCH
13:47:52 | INFO     | ✅ Уведомление отправлено в канал 1463802595931062374
13:47:52 | INFO     | ✅ KillID 133358765 обработан. Совпадений: 1
13:48:18 | INFO     | 📡 [LISTENER] Получен KillID: 133358876. Добавляю в очередь...
13:48:18 | INFO     | 📥 [PROCESSOR] Начинаю обработку KillID: 133358876
13:48:18 | INFO     | 🔍 Запрос хэша для 133358876 у zKillboard...
13:48:18 | INFO     | ✅ [LISTENER] KillID 133358876 добавлен. Размер очереди: 0
13:48:19 | INFO     | 🌐 Запрос детальных данных для 133358876 из ESI...
13:48:19 | INFO     | ⚙️ Проверка фильтров 133358876 для 1 каналов...
13:48:19 | INFO     | 🎯 [ID: 133358876] Совпадение для канала 1463802595931062374! Тип: LOCATION_WATCH
13:48:23 | INFO     | ✅ Уведомление отправлено в канал 1463802595931062374
13:48:23 | INFO     | ✅ KillID 133358876 обработан. Совпадений: 1
13:48:28 | INFO     | 📡 [LISTENER] Получен KillID: 133358878. Добавляю в очередь...
13:48:28 | INFO     | 📥 [PROCESSOR] Начинаю обработку KillID: 133358878
13:48:28 | INFO     | 🔍 Запрос хэша для 133358878 у zKillboard...
13:48:28 | INFO     | ✅ [LISTENER] KillID 133358878 добавлен. Размер очереди: 0
13:48:28 | INFO     | 🌐 Запрос детальных данных для 133358878 из ESI...
13:48:28 | INFO     | ⚙️ Проверка фильтров 133358878 для 1 каналов...
13:48:29 | INFO     | 🎯 [ID: 133358878] Совпадение для канала 1463802595931062374! Тип: PRIORITY_TARGET
13:48:31 | INFO     | ✅ Уведомление отправлено в канал 1463802595931062374
13:48:31 | INFO     | ✅ KillID 133358878 обработан. Совпадений: 1
13:49:06 | INFO     | 📡 [LISTENER] Получен KillID: 133358910. Добавляю в очередь...
13:49:06 | INFO     | 📥 [PROCESSOR] Начинаю обработку KillID: 133358910
13:49:06 | INFO     | 🔍 Запрос хэша для 133358910 у zKillboard...
13:49:06 | INFO     | ✅ [LISTENER] KillID 133358910 добавлен. Размер очереди: 0
13:49:07 | INFO     | 🌐 Запрос детальных данных для 133358910 из ESI...
13:49:07 | INFO     | ⚙️ Проверка фильтров 133358910 для 1 каналов...
13:54:12 | INFO     | 📡 [LISTENER] Получен KillID: 133358973. Добавляю в очередь...
13:54:12 | INFO     | 📥 [PROCESSOR] Начинаю обработку KillID: 133358973
13:54:12 | INFO     | 🔍 Запрос хэша для 133358973 у zKillboard...
13:54:12 | INFO     | ✅ [LISTENER] KillID 133358973 добавлен. Размер очереди: 0
13:54:12 | INFO     | 🌐 Запрос детальных данных для 133358973 из ESI...
13:54:13 | INFO     | ⚙️ Проверка фильтров 133358973 для 1 каналов...
13:54:13 | INFO     | 🎯 [ID: 133358973] Совпадение для канала 1463802595931062374! Тип: LOCATION_WATCH
13:54:15 | INFO     | ✅ Уведомление отправлено в канал 1463802595931062374
13:54:15 | INFO     | ✅ KillID 133358973 обработан. Совпадений: 1
13:54:53 | INFO     | 📡 [LISTENER] Получен KillID: 133358978. Добавляю в очередь...
13:54:53 | INFO     | 📥 [PROCESSOR] Начинаю обработку KillID: 133358978
13:54:53 | INFO     | 🔍 Запрос хэша для 133358978 у zKillboard...
13:54:53 | INFO     | ✅ [LISTENER] KillID 133358978 добавлен. Размер очереди: 0
13:54:53 | INFO     | 📡 [LISTENER] Получен KillID: 133358963. Добавляю в очередь...
13:54:53 | INFO     | ✅ [LISTENER] KillID 133358963 добавлен. Размер очереди: 1
13:54:54 | INFO     | 🌐 Запрос детальных данных для 133358978 из ESI...
13:54:55 | INFO     | ⚙️ Проверка фильтров 133358978 для 1 каналов...
13:54:55 | INFO     | 🎯 [ID: 133358978] Совпадение для канала 1463802595931062374! Тип: PRIORITY_TARGET
13:54:58 | INFO     | ✅ Уведомление отправлено в канал 1463802595931062374
13:54:58 | INFO     | ✅ KillID 133358978 обработан. Совпадений: 1
13:54:58 | INFO     | 📥 [PROCESSOR] Начинаю обработку KillID: 133358963
13:54:58 | INFO     | 🔍 Запрос хэша для 133358963 у zKillboard...
13:54:58 | INFO     | 🌐 Запрос детальных данных для 133358963 из ESI...
13:54:58 | INFO     | ⚙️ Проверка фильтров 133358963 для 1 каналов...
13:54:58 | INFO     | 🎯 [ID: 133358963] Совпадение для канала 1463802595931062374! Тип: LOCATION_WATCH
13:55:00 | INFO     | ✅ Уведомление отправлено в канал 1463802595931062374
13:55:00 | INFO     | ✅ KillID 133358963 обработан. Совпадений: 1
13:55:19 | INFO     | 📡 [LISTENER] Получен KillID: 133358962. Добавляю в очередь...
13:55:19 | INFO     | 📥 [PROCESSOR] Начинаю обработку KillID: 133358962
13:55:19 | INFO     | 🔍 Запрос хэша для 133358962 у zKillboard...
13:55:19 | INFO     | ✅ [LISTENER] KillID 133358962 добавлен. Размер очереди: 0
13:55:20 | INFO     | 🌐 Запрос детальных данных для 133358962 из ESI...
13:55:20 | INFO     | ⚙️ Проверка фильтров 133358962 для 1 каналов...
13:55:20 | INFO     | 🎯 [ID: 133358962] Совпадение для канала 1463802595931062374! Тип: LOCATION_WATCH
13:55:23 | INFO     | ✅ Уведомление отправлено в канал 1463802595931062374
13:55:23 | INFO     | ✅ KillID 133358962 обработан. Совпадений: 1
13:56:09 | INFO     | 📡 [LISTENER] Получен KillID: 133358710. Добавляю в очередь...
13:56:09 | INFO     | 📥 [PROCESSOR] Начинаю обработку KillID: 133358710
13:56:09 | INFO     | 🔍 Запрос хэша для 133358710 у zKillboard...
13:56:09 | INFO     | ✅ [LISTENER] KillID 133358710 добавлен. Размер очереди: 0
13:56:12 | INFO     | 🌐 Запрос детальных данных для 133358710 из ESI...
13:56:14 | INFO     | ⚙️ Проверка фильтров 133358710 для 1 каналов...
13:56:14 | INFO     | 🎯 [ID: 133358710] Совпадение для канала 1463802595931062374! Тип: PRIORITY_TARGET
13:56:18 | INFO     | 📡 [LISTENER] Получен KillID: 133358684. Добавляю в очередь...
13:56:18 | INFO     | ✅ [LISTENER] KillID 133358684 добавлен. Размер очереди: 1
13:56:32 | INFO     | ✅ Уведомление отправлено в канал 1463802595931062374
13:56:32 | INFO     | ✅ KillID 133358710 обработан. Совпадений: 1
13:56:32 | INFO     | 📥 [PROCESSOR] Начинаю обработку KillID: 133358684
13:56:32 | INFO     | 🔍 Запрос хэша для 133358684 у zKillboard...
13:56:33 | INFO     | 📡 [LISTENER] Получен KillID: 133357950. Добавляю в очередь...
13:56:33 | INFO     | ✅ [LISTENER] KillID 133357950 добавлен. Размер очереди: 1
13:56:36 | INFO     | 🌐 Запрос детальных данных для 133358684 из ESI...
13:56:43 | INFO     | 📡 [LISTENER] Получен KillID: 133357952. Добавляю в очередь...
13:56:43 | INFO     | ✅ [LISTENER] KillID 133357952 добавлен. Размер очереди: 2
13:56:44 | INFO     | ⚙️ Проверка фильтров 133358684 для 1 каналов...
13:56:44 | INFO     | 🎯 [ID: 133358684] Совпадение для канала 1463802595931062374! Тип: LOCATION_WATCH
13:56:48 | INFO     | ✅ Уведомление отправлено в канал 1463802595931062374
13:56:48 | INFO     | ✅ KillID 133358684 обработан. Совпадений: 1
13:56:48 | INFO     | 📥 [PROCESSOR] Начинаю обработку KillID: 133357950
13:56:48 | INFO     | 🔍 Запрос хэша для 133357950 у zKillboard...
13:56:49 | INFO     | 🌐 Запрос детальных данных для 133357950 из ESI...
13:56:49 | INFO     | ⚙️ Проверка фильтров 133357950 для 1 каналов...
13:56:49 | INFO     | 🎯 [ID: 133357950] Совпадение для канала 1463802595931062374! Тип: LOCATION_WATCH
13:56:51 | INFO     | ✅ Уведомление отправлено в канал 1463802595931062374
13:56:51 | INFO     | ✅ KillID 133357950 обработан. Совпадений: 1
13:56:51 | INFO     | 📥 [PROCESSOR] Начинаю обработку KillID: 133357952
13:56:51 | INFO     | 🔍 Запрос хэша для 133357952 у zKillboard...
13:56:51 | INFO     | 🌐 Запрос детальных данных для 133357952 из ESI...
13:56:51 | INFO     | ⚙️ Проверка фильтров 133357952 для 1 каналов...
13:56:51 | INFO     | 🎯 [ID: 133357952] Совпадение для канала 1463802595931062374! Тип: PRIORITY_TARGET
13:56:52 | INFO     | ✅ Уведомление отправлено в канал 1463802595931062374
13:56:52 | INFO     | ✅ KillID 133357952 обработан. Совпадений: 1
13:57:14 | INFO     | 📡 [LISTENER] Получен KillID: 133358972. Добавляю в очередь...
13:57:14 | INFO     | 📥 [PROCESSOR] Начинаю обработку KillID: 133358972
13:57:14 | INFO     | 🔍 Запрос хэша для 133358972 у zKillboard...
13:57:14 | INFO     | ✅ [LISTENER] KillID 133358972 добавлен. Размер очереди: 0
13:57:16 | INFO     | 🌐 Запрос детальных данных для 133358972 из ESI...
13:57:17 | INFO     | ⚙️ Проверка фильтров 133358972 для 1 каналов...
13:57:17 | INFO     | 🎯 [ID: 133358972] Совпадение для канала 1463802595931062374! Тип: PRIORITY_TARGET
13:57:21 | INFO     | 📡 [LISTENER] Получен KillID: 133358948. Добавляю в очередь...
13:57:21 | INFO     | ✅ [LISTENER] KillID 133358948 добавлен. Размер очереди: 1
13:57:22 | INFO     | ✅ Уведомление отправлено в канал 1463802595931062374
13:57:22 | INFO     | ✅ KillID 133358972 обработан. Совпадений: 1
13:57:22 | INFO     | 📥 [PROCESSOR] Начинаю обработку KillID: 133358948
13:57:22 | INFO     | 🔍 Запрос хэша для 133358948 у zKillboard...
13:57:22 | INFO     | 🌐 Запрос детальных данных для 133358948 из ESI...
13:57:23 | INFO     | ⚙️ Проверка фильтров 133358948 для 1 каналов...
13:57:23 | INFO     | 🎯 [ID: 133358948] Совпадение для канала 1463802595931062374! Тип: LOCATION_WATCH
13:57:24 | INFO     | ✅ Уведомление отправлено в канал 1463802595931062374
13:57:24 | INFO     | ✅ KillID 133358948 обработан. Совпадений: 1
13:58:13 | INFO     | 📡 [LISTENER] Получен KillID: 133358991. Добавляю в очередь...
13:58:13 | INFO     | 📥 [PROCESSOR] Начинаю обработку KillID: 133358991
13:58:13 | INFO     | 🔍 Запрос хэша для 133358991 у zKillboard...
13:58:13 | INFO     | ✅ [LISTENER] KillID 133358991 добавлен. Размер очереди: 0
13:58:13 | INFO     | 📡 [LISTENER] Получен KillID: 133358987. Добавляю в очередь...
13:58:13 | INFO     | ✅ [LISTENER] KillID 133358987 добавлен. Размер очереди: 1
13:58:14 | INFO     | 🌐 Запрос детальных данных для 133358991 из ESI...
13:58:18 | INFO     | ⚙️ Проверка фильтров 133358991 для 1 каналов...
13:58:18 | INFO     | 🎯 [ID: 133358991] Совпадение для канала 1463802595931062374! Тип: PRIORITY_TARGET
13:58:25 | INFO     | ✅ Уведомление отправлено в канал 1463802595931062374
13:58:25 | INFO     | ✅ KillID 133358991 обработан. Совпадений: 1
13:58:25 | INFO     | 📥 [PROCESSOR] Начинаю обработку KillID: 133358987
13:58:25 | INFO     | 🔍 Запрос хэша для 133358987 у zKillboard...
13:58:26 | INFO     | 🌐 Запрос детальных данных для 133358987 из ESI...
13:58:27 | INFO     | ⚙️ Проверка фильтров 133358987 для 1 каналов...
13:58:27 | INFO     | 🎯 [ID: 133358987] Совпадение для канала 1463802595931062374! Тип: LOCATION_WATCH
13:58:29 | INFO     | 📡 [LISTENER] Получен KillID: 133359003. Добавляю в очередь...
13:58:29 | INFO     | ✅ [LISTENER] KillID 133359003 добавлен. Размер очереди: 1
13:58:30 | INFO     | 📡 [LISTENER] Получен KillID: 133359003. Добавляю в очередь...
13:58:30 | INFO     | ✅ [LISTENER] KillID 133359003 добавлен. Размер очереди: 2
13:58:31 | INFO     | ✅ Уведомление отправлено в канал 1463802595931062374
13:58:31 | INFO     | ✅ KillID 133358987 обработан. Совпадений: 1
13:58:31 | INFO     | 📥 [PROCESSOR] Начинаю обработку KillID: 133359003
13:58:31 | INFO     | 🔍 Запрос хэша для 133359003 у zKillboard...
13:58:33 | INFO     | 🌐 Запрос детальных данных для 133359003 из ESI...
13:58:33 | INFO     | ⚙️ Проверка фильтров 133359003 для 1 каналов...
13:58:33 | INFO     | 🎯 [ID: 133359003] Совпадение для канала 1463802595931062374! Тип: LOCATION_WATCH
13:58:40 | INFO     | ✅ Уведомление отправлено в канал 1463802595931062374
13:58:40 | INFO     | ✅ KillID 133359003 обработан. Совпадений: 1
13:58:40 | INFO     | 📥 [PROCESSOR] Начинаю обработку KillID: 133359003
13:58:40 | INFO     | ⏭️ [PROCESSOR] Пропускаю дубликат KillID: 133359003
13:58:41 | ERROR    | 🚨 Processor упал с ошибкой: task_done() called too many times
13:58:41 | WARNING  | 🔄 Требуется перезапуск воркеров (обновление конфига или сбой)
13:58:41 | INFO     | ⏳ Остановка воркеров...
13:58:42 | INFO     | 🛑 Listener получил сигнал остановки
13:58:42 | INFO     | ♻️ Очередь очищена
13:58:42 | INFO     | 📊 Статистика перед рестартом: {'processed_total': 18, 'duplicates_skipped': 1, 'errors': 0, 'notifications_sent': 17}
13:58:42 | INFO     | ⏳ Пауза перед рестартом (2 сек)...
13:58:44 | INFO     | 📋 Конфиг загружен: 23 фильтров для 1 каналов
13:58:44 | INFO     | 🔄 Запуск воркеров с конфигурацией для 1 каналов
13:58:44 | INFO     | 🔗 Подключение к WebSocket zKillboard...
13:58:44 | INFO     | ⚙️ Многоканальный обработчик событий запущен...
13:58:44 | INFO     | 🔥 [PROCESSOR] СЕССИЯ ОТКРЫТА, НАЧИНАЮ ОБРАБОТКУ...
13:58:45 | INFO     | ✅ Успешное подключение к zKillboard WebSocket
13:58:45 | INFO     | 📡 Подготовка подписок на 23 каналов...
13:58:45 | INFO     | ✅ Подписка на killstream установлена
13:58:48 | INFO     | ✅ Все подписки (23) отправлены zKillboard
14:07:35 | INFO     | 📡 [LISTENER] Получен KillID: 133359030. Добавляю в очередь...
14:07:35 | INFO     | 📥 [PROCESSOR] Начинаю обработку KillID: 133359030
14:07:35 | INFO     | 🔍 Запрос хэша для 133359030 у zKillboard...
14:07:35 | INFO     | ✅ [LISTENER] KillID 133359030 добавлен. Размер очереди: 0
14:07:36 | INFO     | 🌐 Запрос детальных данных для 133359030 из ESI...
14:07:37 | INFO     | ⚙️ Проверка фильтров 133359030 для 1 каналов...
14:07:37 | INFO     | 🎯 [ID: 133359030] Совпадение для канала 1463802595931062374! Тип: LOCATION_WATCH
14:07:40 | INFO     | ✅ Уведомление отправлено в канал 1463802595931062374
14:07:40 | INFO     | ✅ KillID 133359030 обработан. Совпадений: 1
14:08:08 | INFO     | 📡 [LISTENER] Получен KillID: 133358907. Добавляю в очередь...
14:08:08 | INFO     | 📥 [PROCESSOR] Начинаю обработку KillID: 133358907
14:08:08 | INFO     | 🔍 Запрос хэша для 133358907 у zKillboard...
14:08:08 | INFO     | ✅ [LISTENER] KillID 133358907 добавлен. Размер очереди: 0
14:08:10 | INFO     | 📡 [LISTENER] Получен KillID: 133358880. Добавляю в очередь...
14:08:10 | INFO     | ✅ [LISTENER] KillID 133358880 добавлен. Размер очереди: 1
14:08:15 | INFO     | 📡 [LISTENER] Получен KillID: 133358913. Добавляю в очередь...
14:08:15 | INFO     | ✅ [LISTENER] KillID 133358913 добавлен. Размер очереди: 2
14:08:15 | INFO     | 📡 [LISTENER] Получен KillID: 133358882. Добавляю в очередь...
14:08:15 | INFO     | ✅ [LISTENER] KillID 133358882 добавлен. Размер очереди: 3
14:08:15 | INFO     | 📡 [LISTENER] Получен KillID: 133358909. Добавляю в очередь...
14:08:15 | INFO     | ✅ [LISTENER] KillID 133358909 добавлен. Размер очереди: 4
14:08:15 | INFO     | 📡 [LISTENER] Получен KillID: 133358877. Добавляю в очередь...
14:08:15 | INFO     | ✅ [LISTENER] KillID 133358877 добавлен. Размер очереди: 5
14:08:15 | INFO     | 🌐 Запрос детальных данных для 133358907 из ESI...
14:08:17 | INFO     | ⚙️ Проверка фильтров 133358907 для 1 каналов...
14:08:17 | INFO     | 📥 [PROCESSOR] Начинаю обработку KillID: 133358880
14:08:17 | INFO     | 🔍 Запрос хэша для 133358880 у zKillboard...
14:08:18 | INFO     | 🌐 Запрос детальных данных для 133358880 из ESI...
14:08:18 | INFO     | ⚙️ Проверка фильтров 133358880 для 1 каналов...
14:08:18 | INFO     | 🎯 [ID: 133358880] Совпадение для канала 1463802595931062374! Тип: LOCATION_WATCH
14:08:22 | INFO     | ✅ Уведомление отправлено в канал 1463802595931062374
14:08:22 | INFO     | ✅ KillID 133358880 обработан. Совпадений: 1
14:08:22 | INFO     | 📥 [PROCESSOR] Начинаю обработку KillID: 133358913
14:08:22 | INFO     | 🔍 Запрос хэша для 133358913 у zKillboard...
14:08:22 | INFO     | 🌐 Запрос детальных данных для 133358913 из ESI...
14:08:22 | INFO     | ⚙️ Проверка фильтров 133358913 для 1 каналов...
14:08:22 | INFO     | 📥 [PROCESSOR] Начинаю обработку KillID: 133358882
14:08:22 | INFO     | 🔍 Запрос хэша для 133358882 у zKillboard...
14:08:22 | INFO     | 🌐 Запрос детальных данных для 133358882 из ESI...
14:08:23 | INFO     | ⚙️ Проверка фильтров 133358882 для 1 каналов...
14:08:23 | INFO     | 🎯 [ID: 133358882] Совпадение для канала 1463802595931062374! Тип: LOCATION_WATCH
14:08:23 | INFO     | ✅ Уведомление отправлено в канал 1463802595931062374
14:08:23 | INFO     | ✅ KillID 133358882 обработан. Совпадений: 1
14:08:23 | INFO     | 📥 [PROCESSOR] Начинаю обработку KillID: 133358909
14:08:23 | INFO     | 🔍 Запрос хэша для 133358909 у zKillboard...
14:08:24 | INFO     | 🌐 Запрос детальных данных для 133358909 из ESI...
14:08:24 | INFO     | ⚙️ Проверка фильтров 133358909 для 1 каналов...
14:08:24 | INFO     | 📥 [PROCESSOR] Начинаю обработку KillID: 133358877
14:08:24 | INFO     | 🔍 Запрос хэша для 133358877 у zKillboard...
14:08:24 | INFO     | 🌐 Запрос детальных данных для 133358877 из ESI...
14:08:24 | INFO     | ⚙️ Проверка фильтров 133358877 для 1 каналов...
14:08:24 | INFO     | 🎯 [ID: 133358877] Совпадение для канала 1463802595931062374! Тип: LOCATION_WATCH
14:08:27 | INFO     | ✅ Уведомление отправлено в канал 1463802595931062374
14:08:27 | INFO     | ✅ KillID 133358877 обработан. Совпадений: 1
14:09:00 | INFO     | 📡 [LISTENER] Получен KillID: 133358911. Добавляю в очередь...
14:09:00 | INFO     | 📥 [PROCESSOR] Начинаю обработку KillID: 133358911
14:09:00 | INFO     | 🔍 Запрос хэша для 133358911 у zKillboard...
14:09:00 | INFO     | ✅ [LISTENER] KillID 133358911 добавлен. Размер очереди: 0
14:09:02 | INFO     | 🌐 Запрос детальных данных для 133358911 из ESI...
14:09:02 | INFO     | ⚙️ Проверка фильтров 133358911 для 1 каналов...
14:12:13 | INFO     | 📡 [LISTENER] Получен KillID: 133359077. Добавляю в очередь...
14:12:13 | INFO     | 📥 [PROCESSOR] Начинаю обработку KillID: 133359077
14:12:13 | INFO     | 🔍 Запрос хэша для 133359077 у zKillboard...
14:12:13 | INFO     | ✅ [LISTENER] KillID 133359077 добавлен. Размер очереди: 0
14:12:13 | INFO     | 📡 [LISTENER] Получен KillID: 133359076. Добавляю в очередь...
14:12:13 | INFO     | ✅ [LISTENER] KillID 133359076 добавлен. Размер очереди: 1
14:12:14 | INFO     | 🌐 Запрос детальных данных для 133359077 из ESI...
14:12:15 | INFO     | ⚙️ Проверка фильтров 133359077 для 1 каналов...
14:12:15 | INFO     | 🎯 [ID: 133359077] Совпадение для канала 1463802595931062374! Тип: PRIORITY_TARGET
14:12:18 | INFO     | ✅ Уведомление отправлено в канал 1463802595931062374
14:12:18 | INFO     | ✅ KillID 133359077 обработан. Совпадений: 1
14:12:18 | INFO     | 📥 [PROCESSOR] Начинаю обработку KillID: 133359076
14:12:18 | INFO     | 🔍 Запрос хэша для 133359076 у zKillboard...
14:12:18 | INFO     | 🌐 Запрос детальных данных для 133359076 из ESI...
14:12:19 | INFO     | ⚙️ Проверка фильтров 133359076 для 1 каналов...
14:12:19 | INFO     | 🎯 [ID: 133359076] Совпадение для канала 1463802595931062374! Тип: LOCATION_WATCH
14:12:21 | INFO     | ✅ Уведомление отправлено в канал 1463802595931062374
14:12:21 | INFO     | ✅ KillID 133359076 обработан. Совпадений: 1
14:22:23 | INFO     | 📡 [LISTENER] Получен KillID: 133359158. Добавляю в очередь...
14:22:23 | INFO     | 📥 [PROCESSOR] Начинаю обработку KillID: 133359158
14:22:23 | INFO     | 🔍 Запрос хэша для 133359158 у zKillboard...
14:22:23 | INFO     | ✅ [LISTENER] KillID 133359158 добавлен. Размер очереди: 0
14:22:24 | INFO     | 🌐 Запрос детальных данных для 133359158 из ESI...
14:22:25 | INFO     | ⚙️ Проверка фильтров 133359158 для 1 каналов...
14:22:25 | INFO     | 🎯 [ID: 133359158] Совпадение для канала 1463802595931062374! Тип: LOCATION_WATCH
14:22:29 | INFO     | ✅ Уведомление отправлено в канал 1463802595931062374
14:22:29 | INFO     | ✅ KillID 133359158 обработан. Совпадений: 1
14:22:29 | INFO     | 📡 [LISTENER] Получен KillID: 133359163. Добавляю в очередь...
14:22:29 | INFO     | 📥 [PROCESSOR] Начинаю обработку KillID: 133359163
14:22:29 | INFO     | 🔍 Запрос хэша для 133359163 у zKillboard...
14:22:29 | INFO     | ✅ [LISTENER] KillID 133359163 добавлен. Размер очереди: 0
14:22:30 | INFO     | 🌐 Запрос детальных данных для 133359163 из ESI...
14:22:30 | INFO     | ⚙️ Проверка фильтров 133359163 для 1 каналов...
14:22:30 | INFO     | 🎯 [ID: 133359163] Совпадение для канала 1463802595931062374! Тип: LOCATION_WATCH
14:22:32 | INFO     | ✅ Уведомление отправлено в канал 1463802595931062374
14:22:32 | INFO     | ✅ KillID 133359163 обработан. Совпадений: 1
14:24:24 | INFO     | 📡 [LISTENER] Получен KillID: 133359188. Добавляю в очередь...
14:24:24 | INFO     | 📥 [PROCESSOR] Начинаю обработку KillID: 133359188
14:24:24 | INFO     | 🔍 Запрос хэша для 133359188 у zKillboard...
14:24:24 | INFO     | ✅ [LISTENER] KillID 133359188 добавлен. Размер очереди: 0
14:24:25 | INFO     | 🌐 Запрос детальных данных для 133359188 из ESI...
14:24:25 | INFO     | ⚙️ Проверка фильтров 133359188 для 1 каналов...
14:24:25 | INFO     | 🎯 [ID: 133359188] Совпадение для канала 1463802595931062374! Тип: LOCATION_WATCH
14:24:27 | INFO     | ✅ Уведомление отправлено в канал 1463802595931062374
14:24:27 | INFO     | ✅ KillID 133359188 обработан. Совпадений: 1
14:24:32 | INFO     | 📡 [LISTENER] Получен KillID: 133359184. Добавляю в очередь...
14:24:32 | INFO     | 📥 [PROCESSOR] Начинаю обработку KillID: 133359184
14:24:32 | INFO     | 🔍 Запрос хэша для 133359184 у zKillboard...
14:24:32 | INFO     | ✅ [LISTENER] KillID 133359184 добавлен. Размер очереди: 0
14:24:33 | INFO     | 🌐 Запрос детальных данных для 133359184 из ESI...
14:24:33 | INFO     | ⚙️ Проверка фильтров 133359184 для 1 каналов...
14:24:33 | INFO     | 🎯 [ID: 133359184] Совпадение для канала 1463802595931062374! Тип: LOCATION_WATCH
14:24:34 | INFO     | ✅ Уведомление отправлено в канал 1463802595931062374
14:24:34 | INFO     | ✅ KillID 133359184 обработан. Совпадений: 1
14:24:59 | INFO     | 📡 [LISTENER] Получен KillID: 133359137. Добавляю в очередь...
14:24:59 | INFO     | 📥 [PROCESSOR] Начинаю обработку KillID: 133359137
14:24:59 | INFO     | 🔍 Запрос хэша для 133359137 у zKillboard...
14:24:59 | INFO     | ✅ [LISTENER] KillID 133359137 добавлен. Размер очереди: 0
14:24:59 | INFO     | 📡 [LISTENER] Получен KillID: 133359092. Добавляю в очередь...
14:24:59 | INFO     | ✅ [LISTENER] KillID 133359092 добавлен. Размер очереди: 1
14:25:02 | INFO     | 🌐 Запрос детальных данных для 133359137 из ESI...
14:25:03 | INFO     | ⚙️ Проверка фильтров 133359137 для 1 каналов...
14:25:03 | INFO     | 🎯 [ID: 133359137] Совпадение для канала 1463802595931062374! Тип: PRIORITY_TARGET
14:25:06 | INFO     | ✅ Уведомление отправлено в канал 1463802595931062374
14:25:06 | INFO     | ✅ KillID 133359137 обработан. Совпадений: 1
14:25:06 | INFO     | 📥 [PROCESSOR] Начинаю обработку KillID: 133359092
14:25:06 | INFO     | 🔍 Запрос хэша для 133359092 у zKillboard...
14:25:06 | INFO     | 🌐 Запрос детальных данных для 133359092 из ESI...
14:25:07 | INFO     | ⚙️ Проверка фильтров 133359092 для 1 каналов...
14:25:07 | INFO     | 🎯 [ID: 133359092] Совпадение для канала 1463802595931062374! Тип: LOCATION_WATCH
14:25:10 | INFO     | ✅ Уведомление отправлено в канал 1463802595931062374
14:25:10 | INFO     | ✅ KillID 133359092 обработан. Совпадений: 1
14:26:33 | INFO     | 📡 [LISTENER] Получен KillID: 133359221. Добавляю в очередь...
14:26:33 | INFO     | 📥 [PROCESSOR] Начинаю обработку KillID: 133359221
14:26:33 | INFO     | 🔍 Запрос хэша для 133359221 у zKillboard...
14:26:33 | INFO     | ✅ [LISTENER] KillID 133359221 добавлен. Размер очереди: 0
14:26:34 | INFO     | 🌐 Запрос детальных данных для 133359221 из ESI...
14:26:35 | INFO     | ⚙️ Проверка фильтров 133359221 для 1 каналов...
14:26:35 | INFO     | 🎯 [ID: 133359221] Совпадение для канала 1463802595931062374! Тип: LOCATION_WATCH
14:26:41 | INFO     | ✅ Уведомление отправлено в канал 1463802595931062374
14:26:41 | INFO     | ✅ KillID 133359221 обработан. Совпадений: 1
14:34:20 | INFO     | 🛑 Получен сигнал 2. Инициирую остановку...
14:34:21 | INFO     | 🛑 Получен сигнал остановки. Завершаю работу воркеров...
14:34:21 | INFO     | ⏳ Остановка воркеров...
14:34:21 | INFO     | 🛑 Processor получил сигнал остановки
14:34:22 | INFO     | 🛑 Listener получил сигнал остановки
14:34:22 | INFO     | ♻️ Очередь очищена
14:34:22 | INFO     | 👋 Завершение работы системы мониторинга
14:34:22 | INFO     | 🔌 Закрытие соединений...
14:34:22 | INFO     | 👋 EVE KillBot остановлен. o7
18:37:15 | INFO     | 🚀 Запуск EVE KillBot...
18:37:15 | INFO     | --- ⚙️ СИСТЕМА МОНИТОРИНГА ГОТОВИТСЯ К СТАРТУ ---
18:37:19 | INFO     | ✅ Discord бот готов к работе
18:37:19 | INFO     | 📋 Конфиг загружен: 23 фильтров для 1 каналов
18:37:19 | INFO     | 🔄 Запуск воркеров с конфигурацией для 1 каналов
18:37:19 | INFO     | 🔗 Подключение к WebSocket zKillboard...
18:37:19 | INFO     | ⚙️ Многоканальный обработчик событий запущен...
18:37:19 | INFO     | 🔥 [PROCESSOR] СЕССИЯ ОТКРЫТА, НАЧИНАЮ ОБРАБОТКУ...
18:37:20 | INFO     | ✅ Успешное подключение к zKillboard WebSocket
18:37:20 | INFO     | 📡 Подготовка подписок на 23 каналов...
18:37:20 | INFO     | ✅ Подписка на killstream установлена
18:37:23 | INFO     | ✅ Все подписки (23) отправлены zKillboard
18:39:56 | INFO     | 📡 [LISTENER] Получен KillID: 133451540. Добавляю в очередь...
18:39:56 | INFO     | 📥 [PROCESSOR] Начинаю обработку KillID: 133451540
18:39:56 | INFO     | 🔍 Запрос хэша для 133451540 у zKillboard...
18:39:56 | INFO     | ✅ [LISTENER] KillID 133451540 добавлен. Размер очереди: 0
18:39:56 | INFO     | 📡 [LISTENER] Получен KillID: 133451516. Добавляю в очередь...
18:39:56 | INFO     | ✅ [LISTENER] KillID 133451516 добавлен. Размер очереди: 1
18:39:56 | INFO     | 🌐 Запрос детальных данных для 133451540 из ESI...
18:39:57 | INFO     | ⚙️ Проверка фильтров 133451540 для 1 каналов...
18:39:57 | INFO     | 🎯 [ID: 133451540] Совпадение для канала 1463802595931062374! Тип: PRIORITY_TARGET
18:39:59 | INFO     | ✅ Уведомление отправлено в канал 1463802595931062374
18:39:59 | INFO     | ✅ KillID 133451540 обработан. Совпадений: 1
18:39:59 | INFO     | 📥 [PROCESSOR] Начинаю обработку KillID: 133451516
18:39:59 | INFO     | 🔍 Запрос хэша для 133451516 у zKillboard...
18:39:59 | INFO     | 🌐 Запрос детальных данных для 133451516 из ESI...
18:40:00 | INFO     | ⚙️ Проверка фильтров 133451516 для 1 каналов...
18:40:00 | INFO     | 🎯 [ID: 133451516] Совпадение для канала 1463802595931062374! Тип: LOCATION_WATCH
18:40:01 | INFO     | ✅ Уведомление отправлено в канал 1463802595931062374
18:40:01 | INFO     | ✅ KillID 133451516 обработан. Совпадений: 1
18:40:01 | INFO     | 📡 [LISTENER] Получен KillID: 133451547. Добавляю в очередь...
18:40:01 | INFO     | 📥 [PROCESSOR] Начинаю обработку KillID: 133451547
18:40:01 | INFO     | 🔍 Запрос хэша для 133451547 у zKillboard...
18:40:01 | INFO     | ✅ [LISTENER] KillID 133451547 добавлен. Размер очереди: 0
18:40:02 | INFO     | 🌐 Запрос детальных данных для 133451547 из ESI...
18:40:02 | INFO     | ⚙️ Проверка фильтров 133451547 для 1 каналов...
18:40:02 | INFO     | 🎯 [ID: 133451547] Совпадение для канала 1463802595931062374! Тип: LOCATION_WATCH
18:40:05 | INFO     | ✅ Уведомление отправлено в канал 1463802595931062374
18:40:05 | INFO     | ✅ KillID 133451547 обработан. Совпадений: 1
18:40:25 | INFO     | 📡 [LISTENER] Получен KillID: 133451553. Добавляю в очередь...
18:40:25 | INFO     | 📥 [PROCESSOR] Начинаю обработку KillID: 133451553
18:40:25 | INFO     | 🔍 Запрос хэша для 133451553 у zKillboard...
18:40:25 | INFO     | ✅ [LISTENER] KillID 133451553 добавлен. Размер очереди: 0
18:40:26 | INFO     | 📡 [LISTENER] Получен KillID: 133451538. Добавляю в очередь...
18:40:26 | INFO     | ✅ [LISTENER] KillID 133451538 добавлен. Размер очереди: 1
18:40:26 | INFO     | 🌐 Запрос детальных данных для 133451553 из ESI...
18:40:27 | INFO     | ⚙️ Проверка фильтров 133451553 для 1 каналов...
18:40:27 | INFO     | 🎯 [ID: 133451553] Совпадение для канала 1463802595931062374! Тип: LOCATION_WATCH
18:40:27 | INFO     | 📡 [LISTENER] Получен KillID: 133451526. Добавляю в очередь...
18:40:27 | INFO     | ✅ [LISTENER] KillID 133451526 добавлен. Размер очереди: 2
18:40:27 | INFO     | 📡 [LISTENER] Получен KillID: 133451523. Добавляю в очередь...
18:40:27 | INFO     | ✅ [LISTENER] KillID 133451523 добавлен. Размер очереди: 3
18:40:29 | INFO     | ✅ Уведомление отправлено в канал 1463802595931062374
18:40:29 | INFO     | ✅ KillID 133451553 обработан. Совпадений: 1
18:40:29 | INFO     | 📥 [PROCESSOR] Начинаю обработку KillID: 133451538
18:40:29 | INFO     | 🔍 Запрос хэша для 133451538 у zKillboard...
18:40:29 | INFO     | 🌐 Запрос детальных данных для 133451538 из ESI...
18:40:29 | INFO     | ⚙️ Проверка фильтров 133451538 для 1 каналов...
18:40:29 | INFO     | 🎯 [ID: 133451538] Совпадение для канала 1463802595931062374! Тип: LOCATION_WATCH
18:40:30 | INFO     | ✅ Уведомление отправлено в канал 1463802595931062374
18:40:30 | INFO     | ✅ KillID 133451538 обработан. Совпадений: 1
18:40:30 | INFO     | 📥 [PROCESSOR] Начинаю обработку KillID: 133451526
18:40:30 | INFO     | 🔍 Запрос хэша для 133451526 у zKillboard...
18:40:30 | INFO     | 🌐 Запрос детальных данных для 133451526 из ESI...
18:40:31 | INFO     | ⚙️ Проверка фильтров 133451526 для 1 каналов...
18:40:31 | INFO     | 🎯 [ID: 133451526] Совпадение для канала 1463802595931062374! Тип: LOCATION_WATCH
18:40:32 | INFO     | ✅ Уведомление отправлено в канал 1463802595931062374
18:40:32 | INFO     | ✅ KillID 133451526 обработан. Совпадений: 1
18:40:32 | INFO     | 📥 [PROCESSOR] Начинаю обработку KillID: 133451523
18:40:32 | INFO     | 🔍 Запрос хэша для 133451523 у zKillboard...
18:40:32 | INFO     | 🌐 Запрос детальных данных для 133451523 из ESI...
18:40:32 | INFO     | ⚙️ Проверка фильтров 133451523 для 1 каналов...
18:40:32 | INFO     | 🎯 [ID: 133451523] Совпадение для канала 1463802595931062374! Тип: LOCATION_WATCH
18:40:33 | INFO     | ✅ Уведомление отправлено в канал 1463802595931062374
18:40:33 | INFO     | ✅ KillID 133451523 обработан. Совпадений: 1
18:41:42 | INFO     | 📡 [LISTENER] Получен KillID: 133451595. Добавляю в очередь...
18:41:42 | INFO     | 📥 [PROCESSOR] Начинаю обработку KillID: 133451595
18:41:42 | INFO     | 🔍 Запрос хэша для 133451595 у zKillboard...
18:41:42 | INFO     | ✅ [LISTENER] KillID 133451595 добавлен. Размер очереди: 0
18:41:43 | INFO     | 🌐 Запрос детальных данных для 133451595 из ESI...
18:41:43 | INFO     | ⚙️ Проверка фильтров 133451595 для 1 каналов...
18:41:43 | INFO     | 🎯 [ID: 133451595] Совпадение для канала 1463802595931062374! Тип: LOCATION_WATCH
18:41:45 | INFO     | ✅ Уведомление отправлено в канал 1463802595931062374
18:41:45 | INFO     | ✅ KillID 133451595 обработан. Совпадений: 1
18:41:55 | INFO     | 📡 [LISTENER] Получен KillID: 133451584. Добавляю в очередь...
18:41:55 | INFO     | 📥 [PROCESSOR] Начинаю обработку KillID: 133451584
18:41:55 | INFO     | 🔍 Запрос хэша для 133451584 у zKillboard...
18:41:55 | INFO     | ✅ [LISTENER] KillID 133451584 добавлен. Размер очереди: 0
18:41:55 | INFO     | 📡 [LISTENER] Получен KillID: 133451580. Добавляю в очередь...
18:41:55 | INFO     | ✅ [LISTENER] KillID 133451580 добавлен. Размер очереди: 1
18:41:55 | INFO     | 🌐 Запрос детальных данных для 133451584 из ESI...
18:41:55 | INFO     | ⚙️ Проверка фильтров 133451584 для 1 каналов...
18:41:55 | INFO     | 📥 [PROCESSOR] Начинаю обработку KillID: 133451580
18:41:55 | INFO     | 🔍 Запрос хэша для 133451580 у zKillboard...
18:41:56 | INFO     | 🌐 Запрос детальных данных для 133451580 из ESI...
18:41:56 | INFO     | ⚙️ Проверка фильтров 133451580 для 1 каналов...
18:41:56 | INFO     | 🎯 [ID: 133451580] Совпадение для канала 1463802595931062374! Тип: LOCATION_WATCH
18:41:58 | INFO     | ✅ Уведомление отправлено в канал 1463802595931062374
18:41:58 | INFO     | ✅ KillID 133451580 обработан. Совпадений: 1
18:42:10 | INFO     | 📡 [LISTENER] Получен KillID: 133451603. Добавляю в очередь...
18:42:10 | INFO     | 📥 [PROCESSOR] Начинаю обработку KillID: 133451603
18:42:10 | INFO     | 🔍 Запрос хэша для 133451603 у zKillboard...
18:42:10 | INFO     | ✅ [LISTENER] KillID 133451603 добавлен. Размер очереди: 0
18:42:10 | INFO     | 🌐 Запрос детальных данных для 133451603 из ESI...
18:42:10 | INFO     | ⚙️ Проверка фильтров 133451603 для 1 каналов...
18:42:10 | INFO     | 🎯 [ID: 133451603] Совпадение для канала 1463802595931062374! Тип: LOCATION_WATCH
18:42:10 | INFO     | 📡 [LISTENER] Получен KillID: 133451586. Добавляю в очередь...
18:42:10 | INFO     | ✅ [LISTENER] KillID 133451586 добавлен. Размер очереди: 1
18:42:11 | INFO     | ✅ Уведомление отправлено в канал 1463802595931062374
18:42:11 | INFO     | ✅ KillID 133451603 обработан. Совпадений: 1
18:42:11 | INFO     | 📥 [PROCESSOR] Начинаю обработку KillID: 133451586
18:42:11 | INFO     | 🔍 Запрос хэша для 133451586 у zKillboard...
18:42:11 | INFO     | 📡 [LISTENER] Получен KillID: 133451574. Добавляю в очередь...
18:42:11 | INFO     | ✅ [LISTENER] KillID 133451574 добавлен. Размер очереди: 1
18:42:11 | INFO     | 🌐 Запрос детальных данных для 133451586 из ESI...
18:42:11 | INFO     | 📡 [LISTENER] Получен KillID: 133451565. Добавляю в очередь...
18:42:11 | INFO     | ✅ [LISTENER] KillID 133451565 добавлен. Размер очереди: 2
18:42:11 | INFO     | ⚙️ Проверка фильтров 133451586 для 1 каналов...
18:42:11 | INFO     | 🎯 [ID: 133451586] Совпадение для канала 1463802595931062374! Тип: LOCATION_WATCH
18:42:12 | INFO     | 📡 [LISTENER] Получен KillID: 133451556. Добавляю в очередь...
18:42:12 | INFO     | ✅ [LISTENER] KillID 133451556 добавлен. Размер очереди: 3
18:42:12 | INFO     | ✅ Уведомление отправлено в канал 1463802595931062374
18:42:12 | INFO     | ✅ KillID 133451586 обработан. Совпадений: 1
18:42:12 | INFO     | 📥 [PROCESSOR] Начинаю обработку KillID: 133451574
18:42:12 | INFO     | 🔍 Запрос хэша для 133451574 у zKillboard...
18:42:12 | INFO     | 🌐 Запрос детальных данных для 133451574 из ESI...
18:42:12 | INFO     | ⚙️ Проверка фильтров 133451574 для 1 каналов...
18:42:12 | INFO     | 🎯 [ID: 133451574] Совпадение для канала 1463802595931062374! Тип: PRIORITY_TARGET
18:42:14 | INFO     | ✅ Уведомление отправлено в канал 1463802595931062374
18:42:14 | INFO     | ✅ KillID 133451574 обработан. Совпадений: 1
18:42:14 | INFO     | 📥 [PROCESSOR] Начинаю обработку KillID: 133451565
18:42:14 | INFO     | 🔍 Запрос хэша для 133451565 у zKillboard...
18:42:14 | INFO     | 🌐 Запрос детальных данных для 133451565 из ESI...
18:42:14 | INFO     | ⚙️ Проверка фильтров 133451565 для 1 каналов...
18:42:14 | INFO     | 🎯 [ID: 133451565] Совпадение для канала 1463802595931062374! Тип: LOCATION_WATCH
18:42:15 | INFO     | ✅ Уведомление отправлено в канал 1463802595931062374
18:42:15 | INFO     | ✅ KillID 133451565 обработан. Совпадений: 1
18:42:15 | INFO     | 📥 [PROCESSOR] Начинаю обработку KillID: 133451556
18:42:15 | INFO     | 🔍 Запрос хэша для 133451556 у zKillboard...
18:42:15 | INFO     | 🌐 Запрос детальных данных для 133451556 из ESI...
18:42:15 | INFO     | ⚙️ Проверка фильтров 133451556 для 1 каналов...
18:42:15 | INFO     | 🎯 [ID: 133451556] Совпадение для канала 1463802595931062374! Тип: LOCATION_WATCH
18:42:16 | INFO     | ✅ Уведомление отправлено в канал 1463802595931062374
18:42:16 | INFO     | ✅ KillID 133451556 обработан. Совпадений: 1
18:43:11 | INFO     | 📡 [LISTENER] Получен KillID: 133451560. Добавляю в очередь...
18:43:11 | INFO     | 📥 [PROCESSOR] Начинаю обработку KillID: 133451560
18:43:11 | INFO     | 🔍 Запрос хэша для 133451560 у zKillboard...
18:43:11 | INFO     | ✅ [LISTENER] KillID 133451560 добавлен. Размер очереди: 0
18:43:12 | INFO     | 🌐 Запрос детальных данных для 133451560 из ESI...
18:43:12 | INFO     | ⚙️ Проверка фильтров 133451560 для 1 каналов...
18:43:12 | INFO     | 🎯 [ID: 133451560] Совпадение для канала 1463802595931062374! Тип: LOCATION_WATCH
18:43:14 | INFO     | ✅ Уведомление отправлено в канал 1463802595931062374
18:43:14 | INFO     | ✅ KillID 133451560 обработан. Совпадений: 1
18:43:19 | INFO     | 📡 [LISTENER] Получен KillID: 133451503. Добавляю в очередь...
18:43:19 | INFO     | 📥 [PROCESSOR] Начинаю обработку KillID: 133451503
18:43:19 | INFO     | 🔍 Запрос хэша для 133451503 у zKillboard...
18:43:19 | INFO     | ✅ [LISTENER] KillID 133451503 добавлен. Размер очереди: 0
18:43:19 | INFO     | 📡 [LISTENER] Получен KillID: 133451503. Добавляю в очередь...
18:43:19 | INFO     | ✅ [LISTENER] KillID 133451503 добавлен. Размер очереди: 1
18:43:20 | INFO     | 🌐 Запрос детальных данных для 133451503 из ESI...
18:43:20 | INFO     | ⚙️ Проверка фильтров 133451503 для 1 каналов...
18:43:20 | INFO     | 🎯 [ID: 133451503] Совпадение для канала 1463802595931062374! Тип: LOCATION_WATCH
18:43:21 | INFO     | ✅ Уведомление отправлено в канал 1463802595931062374
18:43:21 | INFO     | ✅ KillID 133451503 обработан. Совпадений: 1
18:43:21 | INFO     | 📥 [PROCESSOR] Начинаю обработку KillID: 133451503
18:43:21 | INFO     | ⏭️ [PROCESSOR] Пропускаю дубликат KillID: 133451503
18:43:22 | ERROR    | 🚨 Processor упал с ошибкой: task_done() called too many times
18:43:22 | WARNING  | 🔄 Требуется перезапуск воркеров (обновление конфига или сбой)
18:43:22 | INFO     | ⏳ Остановка воркеров...
18:43:22 | INFO     | 🛑 Listener получил сигнал остановки
18:43:22 | INFO     | ♻️ Очередь очищена
18:43:22 | INFO     | 📊 Статистика перед рестартом: {'processed_total': 17, 'duplicates_skipped': 1, 'errors': 0, 'notifications_sent': 16}
18:43:22 | INFO     | ⏳ Пауза перед рестартом (2 сек)...
18:43:24 | INFO     | 📋 Конфиг загружен: 23 фильтров для 1 каналов
18:43:24 | INFO     | 🔄 Запуск воркеров с конфигурацией для 1 каналов
18:43:24 | INFO     | 🔗 Подключение к WebSocket zKillboard...
18:43:24 | INFO     | ⚙️ Многоканальный обработчик событий запущен...
18:43:24 | INFO     | 🔥 [PROCESSOR] СЕССИЯ ОТКРЫТА, НАЧИНАЮ ОБРАБОТКУ...
18:43:24 | INFO     | ✅ Успешное подключение к zKillboard WebSocket
18:43:24 | INFO     | 📡 Подготовка подписок на 23 каналов...
18:43:25 | INFO     | ✅ Подписка на killstream установлена
18:43:27 | INFO     | ✅ Все подписки (23) отправлены zKillboard
18:43:40 | INFO     | 📡 [LISTENER] Получен KillID: 133451502. Добавляю в очередь...
18:43:40 | INFO     | 📥 [PROCESSOR] Начинаю обработку KillID: 133451502
18:43:40 | INFO     | 🔍 Запрос хэша для 133451502 у zKillboard...
18:43:40 | INFO     | ✅ [LISTENER] KillID 133451502 добавлен. Размер очереди: 0
18:43:40 | INFO     | 📡 [LISTENER] Получен KillID: 133451502. Добавляю в очередь...
18:43:40 | INFO     | ✅ [LISTENER] KillID 133451502 добавлен. Размер очереди: 1
18:43:40 | INFO     | 🌐 Запрос детальных данных для 133451502 из ESI...
18:43:40 | INFO     | ⚙️ Проверка фильтров 133451502 для 1 каналов...
18:43:40 | INFO     | 🎯 [ID: 133451502] Совпадение для канала 1463802595931062374! Тип: LOCATION_WATCH
18:43:42 | INFO     | ✅ Уведомление отправлено в канал 1463802595931062374
18:43:42 | INFO     | ✅ KillID 133451502 обработан. Совпадений: 1
18:43:42 | INFO     | 📥 [PROCESSOR] Начинаю обработку KillID: 133451502
18:43:42 | INFO     | ⏭️ [PROCESSOR] Пропускаю дубликат KillID: 133451502
18:43:44 | ERROR    | 🚨 Processor упал с ошибкой: task_done() called too many times
18:43:44 | WARNING  | 🔄 Требуется перезапуск воркеров (обновление конфига или сбой)
18:43:44 | INFO     | ⏳ Остановка воркеров...
18:43:44 | INFO     | 🛑 Listener получил сигнал остановки
18:43:44 | INFO     | ♻️ Очередь очищена
18:43:44 | INFO     | 📊 Статистика перед рестартом: {'processed_total': 18, 'duplicates_skipped': 2, 'errors': 0, 'notifications_sent': 17}
18:43:44 | INFO     | ⏳ Пауза перед рестартом (2 сек)...
18:43:46 | INFO     | 📋 Конфиг загружен: 23 фильтров для 1 каналов
18:43:46 | INFO     | 🔄 Запуск воркеров с конфигурацией для 1 каналов
18:43:46 | INFO     | 🔗 Подключение к WebSocket zKillboard...
18:43:46 | INFO     | ⚙️ Многоканальный обработчик событий запущен...
18:43:46 | INFO     | 🔥 [PROCESSOR] СЕССИЯ ОТКРЫТА, НАЧИНАЮ ОБРАБОТКУ...
18:43:46 | INFO     | ✅ Успешное подключение к zKillboard WebSocket
18:43:46 | INFO     | 📡 Подготовка подписок на 23 каналов...
18:43:47 | INFO     | ✅ Подписка на killstream установлена
18:43:49 | INFO     | ✅ Все подписки (23) отправлены zKillboard
18:44:07 | INFO     | 📡 [LISTENER] Получен KillID: 133451554. Добавляю в очередь...
18:44:07 | INFO     | 📥 [PROCESSOR] Начинаю обработку KillID: 133451554
18:44:07 | INFO     | 🔍 Запрос хэша для 133451554 у zKillboard...
18:44:07 | INFO     | ✅ [LISTENER] KillID 133451554 добавлен. Размер очереди: 0
18:44:07 | INFO     | 📡 [LISTENER] Получен KillID: 133451483. Добавляю в очередь...
18:44:07 | INFO     | ✅ [LISTENER] KillID 133451483 добавлен. Размер очереди: 1
18:44:08 | INFO     | 🌐 Запрос детальных данных для 133451554 из ESI...
18:44:08 | INFO     | ⚙️ Проверка фильтров 133451554 для 1 каналов...
18:44:08 | INFO     | 🎯 [ID: 133451554] Совпадение для канала 1463802595931062374! Тип: LOCATION_WATCH
18:44:11 | INFO     | ✅ Уведомление отправлено в канал 1463802595931062374
18:44:11 | INFO     | ✅ KillID 133451554 обработан. Совпадений: 1
18:44:11 | INFO     | 📥 [PROCESSOR] Начинаю обработку KillID: 133451483
18:44:11 | INFO     | 🔍 Запрос хэша для 133451483 у zKillboard...
18:44:11 | INFO     | 🌐 Запрос детальных данных для 133451483 из ESI...
18:44:11 | INFO     | ⚙️ Проверка фильтров 133451483 для 1 каналов...
18:44:11 | INFO     | 🎯 [ID: 133451483] Совпадение для канала 1463802595931062374! Тип: LOCATION_WATCH
18:44:12 | INFO     | ✅ Уведомление отправлено в канал 1463802595931062374
18:44:12 | INFO     | ✅ KillID 133451483 обработан. Совпадений: 1
18:44:51 | INFO     | 📡 [LISTENER] Получен KillID: 133451600. Добавляю в очередь...
18:44:51 | INFO     | 📥 [PROCESSOR] Начинаю обработку KillID: 133451600
18:44:51 | INFO     | 🔍 Запрос хэша для 133451600 у zKillboard...
18:44:51 | INFO     | ✅ [LISTENER] KillID 133451600 добавлен. Размер очереди: 0
18:44:52 | INFO     | 🌐 Запрос детальных данных для 133451600 из ESI...
18:44:52 | INFO     | ⚙️ Проверка фильтров 133451600 для 1 каналов...
18:44:52 | INFO     | 🎯 [ID: 133451600] Совпадение для канала 1463802595931062374! Тип: LOCATION_WATCH
18:44:54 | INFO     | ✅ Уведомление отправлено в канал 1463802595931062374
18:44:54 | INFO     | ✅ KillID 133451600 обработан. Совпадений: 1
18:45:03 | INFO     | 📡 [LISTENER] Получен KillID: 133451627. Добавляю в очередь...
18:45:03 | INFO     | 📥 [PROCESSOR] Начинаю обработку KillID: 133451627
18:45:03 | INFO     | 🔍 Запрос хэша для 133451627 у zKillboard...
18:45:03 | INFO     | ✅ [LISTENER] KillID 133451627 добавлен. Размер очереди: 0
18:45:04 | INFO     | 🌐 Запрос детальных данных для 133451627 из ESI...
18:45:04 | INFO     | ⚙️ Проверка фильтров 133451627 для 1 каналов...
18:45:04 | INFO     | 🎯 [ID: 133451627] Совпадение для канала 1463802595931062374! Тип: LOCATION_WATCH
18:45:06 | INFO     | ✅ Уведомление отправлено в канал 1463802595931062374
18:45:06 | INFO     | ✅ KillID 133451627 обработан. Совпадений: 1
18:45:20 | INFO     | 📡 [LISTENER] Получен KillID: 133451626. Добавляю в очередь...
18:45:20 | INFO     | 📥 [PROCESSOR] Начинаю обработку KillID: 133451626
18:45:20 | INFO     | 🔍 Запрос хэша для 133451626 у zKillboard...
18:45:20 | INFO     | ✅ [LISTENER] KillID 133451626 добавлен. Размер очереди: 0
18:45:21 | INFO     | 🌐 Запрос детальных данных для 133451626 из ESI...
18:45:21 | INFO     | ⚙️ Проверка фильтров 133451626 для 1 каналов...
18:45:21 | INFO     | 🎯 [ID: 133451626] Совпадение для канала 1463802595931062374! Тип: PRIORITY_TARGET
18:45:23 | INFO     | ✅ Уведомление отправлено в канал 1463802595931062374
18:45:23 | INFO     | ✅ KillID 133451626 обработан. Совпадений: 1
18:45:28 | INFO     | 🛑 Получен сигнал 2. Инициирую остановку...
18:45:30 | INFO     | 🛑 Получен сигнал остановки. Завершаю работу воркеров...
18:45:30 | INFO     | ⏳ Остановка воркеров...
18:45:30 | INFO     | 🛑 Processor получил сигнал остановки
18:45:30 | INFO     | 🛑 Listener получил сигнал остановки
18:45:30 | INFO     | ♻️ Очередь очищена
18:45:30 | INFO     | 👋 Завершение работы системы мониторинга
18:45:30 | INFO     | 🔌 Закрытие соединений...
18:45:30 | INFO     | 👋 EVE KillBot остановлен. o7
19:10:51 | INFO     | 🚀 Запуск EVE KillBot...
19:10:51 | INFO     | --- ⚙️ СИСТЕМА МОНИТОРИНГА ГОТОВИТСЯ К СТАРТУ ---
19:10:55 | INFO     | ✅ Discord бот готов к работе
19:10:55 | INFO     | 📋 Конфиг загружен: 23 фильтров для 1 каналов
19:10:55 | INFO     | 🔄 Запуск воркеров с конфигурацией для 1 каналов
19:10:55 | INFO     | 🔗 Подключение к WebSocket zKillboard...
19:10:55 | INFO     | ⚙️ Многоканальный обработчик событий запущен...
19:10:55 | INFO     | 🔥 [PROCESSOR] СЕССИЯ ОТКРЫТА, НАЧИНАЮ ОБРАБОТКУ...
19:10:55 | INFO     | ✅ Успешное подключение к zKillboard WebSocket
19:10:55 | INFO     | 📡 Подготовка подписок на 23 каналов...
19:10:56 | INFO     | ✅ Подписка на killstream установлена
19:10:58 | INFO     | ✅ Все подписки (23) отправлены zKillboard
19:11:35 | INFO     | 📡 [LISTENER] Получен KillID: 133451902. Добавляю в очередь...
19:11:35 | INFO     | 📥 [PROCESSOR] Начинаю обработку KillID: 133451902
19:11:35 | INFO     | 🔍 Запрос хэша для 133451902 у zKillboard...
19:11:35 | INFO     | ✅ [LISTENER] KillID 133451902 добавлен. Размер очереди: 0
19:11:36 | INFO     | 🌐 Запрос детальных данных для 133451902 из ESI...
19:11:36 | INFO     | ⚙️ Проверка фильтров 133451902 для 1 каналов...
19:11:36 | INFO     | 🎯 [ID: 133451902] Совпадение для канала 1463802595931062374! Тип: LOCATION_WATCH
19:11:38 | INFO     | Generated image: killmail_images/kill_133451902.png
19:11:39 | INFO     | Уведомление с изображением отправлено в канал 1463802595931062374
19:11:39 | INFO     | ✅ Уведомление отправлено в канал 1463802595931062374
19:11:39 | INFO     | ✅ KillID 133451902 обработан. Совпадений: 1
19:13:36 | INFO     | 📡 [LISTENER] Получен KillID: 133452059. Добавляю в очередь...
19:13:36 | INFO     | 📥 [PROCESSOR] Начинаю обработку KillID: 133452059
19:13:36 | INFO     | 🔍 Запрос хэша для 133452059 у zKillboard...
19:13:36 | INFO     | ✅ [LISTENER] KillID 133452059 добавлен. Размер очереди: 0
19:13:36 | INFO     | 🌐 Запрос детальных данных для 133452059 из ESI...
19:13:37 | INFO     | ⚙️ Проверка фильтров 133452059 для 1 каналов...
19:13:37 | INFO     | 🎯 [ID: 133452059] Совпадение для канала 1463802595931062374! Тип: LOCATION_WATCH
19:13:39 | INFO     | Generated image: killmail_images/kill_133452059.png
19:13:41 | INFO     | Уведомление с изображением отправлено в канал 1463802595931062374
19:13:41 | INFO     | ✅ Уведомление отправлено в канал 1463802595931062374
19:13:41 | INFO     | ✅ KillID 133452059 обработан. Совпадений: 1
19:17:16 | INFO     | 📡 [LISTENER] Получен KillID: 133452130. Добавляю в очередь...
19:17:16 | INFO     | 📥 [PROCESSOR] Начинаю обработку KillID: 133452130
19:17:16 | INFO     | 🔍 Запрос хэша для 133452130 у zKillboard...
19:17:16 | INFO     | ✅ [LISTENER] KillID 133452130 добавлен. Размер очереди: 0
19:17:16 | INFO     | 🌐 Запрос детальных данных для 133452130 из ESI...
19:17:17 | INFO     | ⚙️ Проверка фильтров 133452130 для 1 каналов...
19:17:17 | INFO     | 🎯 [ID: 133452130] Совпадение для канала 1463802595931062374! Тип: PRIORITY_TARGET
19:17:19 | INFO     | Generated image: killmail_images/kill_133452130.png
19:17:20 | INFO     | Уведомление с изображением отправлено в канал 1463802595931062374
19:17:20 | INFO     | ✅ Уведомление отправлено в канал 1463802595931062374
19:17:20 | INFO     | ✅ KillID 133452130 обработан. Совпадений: 1
19:20:19 | INFO     | 📡 [LISTENER] Получен KillID: 133452168. Добавляю в очередь...
19:20:19 | INFO     | 📥 [PROCESSOR] Начинаю обработку KillID: 133452168
19:20:19 | INFO     | 🔍 Запрос хэша для 133452168 у zKillboard...
19:20:19 | INFO     | ✅ [LISTENER] KillID 133452168 добавлен. Размер очереди: 0
19:20:19 | INFO     | 🌐 Запрос детальных данных для 133452168 из ESI...
19:20:20 | INFO     | ⚙️ Проверка фильтров 133452168 для 1 каналов...
19:20:20 | INFO     | 🎯 [ID: 133452168] Совпадение для канала 1463802595931062374! Тип: LOCATION_WATCH
19:20:22 | INFO     | Generated image: killmail_images/kill_133452168.png
19:20:24 | INFO     | Уведомление с изображением отправлено в канал 1463802595931062374
19:20:24 | INFO     | ✅ Уведомление отправлено в канал 1463802595931062374
19:20:24 | INFO     | ✅ KillID 133452168 обработан. Совпадений: 1
19:23:02 | INFO     | 📡 [LISTENER] Получен KillID: 133452216. Добавляю в очередь...
19:23:02 | INFO     | 📥 [PROCESSOR] Начинаю обработку KillID: 133452216
19:23:02 | INFO     | 🔍 Запрос хэша для 133452216 у zKillboard...
19:23:02 | INFO     | ✅ [LISTENER] KillID 133452216 добавлен. Размер очереди: 0
19:23:02 | INFO     | 📡 [LISTENER] Получен KillID: 133452216. Добавляю в очередь...
19:23:02 | INFO     | ✅ [LISTENER] KillID 133452216 добавлен. Размер очереди: 1
19:23:02 | INFO     | 🌐 Запрос детальных данных для 133452216 из ESI...
19:23:03 | INFO     | ⚙️ Проверка фильтров 133452216 для 1 каналов...
19:23:03 | INFO     | 🎯 [ID: 133452216] Совпадение для канала 1463802595931062374! Тип: LOCATION_WATCH
19:23:04 | INFO     | Generated image: killmail_images/kill_133452216.png
19:23:06 | INFO     | Уведомление с изображением отправлено в канал 1463802595931062374
19:23:06 | INFO     | ✅ Уведомление отправлено в канал 1463802595931062374
19:23:06 | INFO     | ✅ KillID 133452216 обработан. Совпадений: 1
19:23:06 | INFO     | 📥 [PROCESSOR] Начинаю обработку KillID: 133452216
19:23:06 | INFO     | ⏭️ [PROCESSOR] Пропускаю дубликат KillID: 133452216
19:23:07 | ERROR    | 🚨 Processor упал с ошибкой: task_done() called too many times
19:23:07 | WARNING  | 🔄 Требуется перезапуск воркеров (обновление конфига или сбой)
19:23:07 | INFO     | ⏳ Остановка воркеров...
19:23:07 | INFO     | 🛑 Listener получил сигнал остановки
19:23:07 | INFO     | ♻️ Очередь очищена
19:23:07 | INFO     | 📊 Статистика перед рестартом: {'processed_total': 5, 'duplicates_skipped': 1, 'errors': 0, 'notifications_sent': 5}
19:23:07 | INFO     | ⏳ Пауза перед рестартом (2 сек)...
19:23:09 | INFO     | 📋 Конфиг загружен: 23 фильтров для 1 каналов
19:23:09 | INFO     | 🔄 Запуск воркеров с конфигурацией для 1 каналов
19:23:09 | INFO     | 🔗 Подключение к WebSocket zKillboard...
19:23:09 | INFO     | ⚙️ Многоканальный обработчик событий запущен...
19:23:09 | INFO     | 🔥 [PROCESSOR] СЕССИЯ ОТКРЫТА, НАЧИНАЮ ОБРАБОТКУ...
19:23:17 | INFO     | ✅ Успешное подключение к zKillboard WebSocket
19:23:17 | INFO     | 📡 Подготовка подписок на 23 каналов...
19:23:18 | INFO     | ✅ Подписка на killstream установлена
19:23:20 | INFO     | ✅ Все подписки (23) отправлены zKillboard
19:24:22 | INFO     | 📡 [LISTENER] Получен KillID: 133452272. Добавляю в очередь...
19:24:22 | INFO     | 📥 [PROCESSOR] Начинаю обработку KillID: 133452272
19:24:22 | INFO     | 🔍 Запрос хэша для 133452272 у zKillboard...
19:24:22 | INFO     | ✅ [LISTENER] KillID 133452272 добавлен. Размер очереди: 0
19:24:22 | INFO     | 📡 [LISTENER] Получен KillID: 133452269. Добавляю в очередь...
19:24:22 | INFO     | ✅ [LISTENER] KillID 133452269 добавлен. Размер очереди: 1
19:24:22 | INFO     | 🌐 Запрос детальных данных для 133452272 из ESI...
19:24:23 | INFO     | ⚙️ Проверка фильтров 133452272 для 1 каналов...
19:24:23 | INFO     | 🎯 [ID: 133452272] Совпадение для канала 1463802595931062374! Тип: PRIORITY_TARGET
19:24:33 | INFO     | Generated image: killmail_images/kill_133452272.png
19:24:50 | WARNING  | Can't keep up, shard ID None websocket is 12.8s behind.
19:24:50 | WARNING  | Can't keep up, shard ID None websocket is 13.0s behind.
19:24:55 | WARNING  | ⚠️ WebSocket соединение закрыто: no close frame received or sent. Переподключение через 5 сек...
19:24:55 | INFO     | Уведомление с изображением отправлено в канал 1463802595931062374
19:24:55 | INFO     | ✅ Уведомление отправлено в канал 1463802595931062374
19:24:55 | INFO     | ✅ KillID 133452272 обработан. Совпадений: 1
19:24:55 | INFO     | 📥 [PROCESSOR] Начинаю обработку KillID: 133452269
19:24:55 | INFO     | 🔍 Запрос хэша для 133452269 у zKillboard...
19:24:55 | INFO     | 🌐 Запрос детальных данных для 133452269 из ESI...
19:24:56 | INFO     | ⚙️ Проверка фильтров 133452269 для 1 каналов...
19:24:56 | INFO     | 🎯 [ID: 133452269] Совпадение для канала 1463802595931062374! Тип: LOCATION_WATCH
19:24:58 | INFO     | Generated image: killmail_images/kill_133452269.png
19:25:00 | INFO     | Уведомление с изображением отправлено в канал 1463802595931062374
19:25:00 | INFO     | ✅ Уведомление отправлено в канал 1463802595931062374
19:25:00 | INFO     | ✅ KillID 133452269 обработан. Совпадений: 1
19:25:00 | INFO     | ✅ Успешное подключение к zKillboard WebSocket
19:25:00 | INFO     | 📡 Подготовка подписок на 23 каналов...
19:25:01 | INFO     | ✅ Подписка на killstream установлена
19:25:03 | INFO     | ✅ Все подписки (23) отправлены zKillboard
19:28:58 | INFO     | 📡 [LISTENER] Получен KillID: 133452337. Добавляю в очередь...
19:28:58 | INFO     | 📥 [PROCESSOR] Начинаю обработку KillID: 133452337
19:28:58 | INFO     | 🔍 Запрос хэша для 133452337 у zKillboard...
19:28:58 | INFO     | ✅ [LISTENER] KillID 133452337 добавлен. Размер очереди: 0
19:28:58 | INFO     | 📡 [LISTENER] Получен KillID: 133452330. Добавляю в очередь...
19:28:58 | INFO     | ✅ [LISTENER] KillID 133452330 добавлен. Размер очереди: 1
19:28:58 | INFO     | 📡 [LISTENER] Получен KillID: 133452325. Добавляю в очередь...
19:28:58 | INFO     | ✅ [LISTENER] KillID 133452325 добавлен. Размер очереди: 2
19:28:59 | INFO     | 🌐 Запрос детальных данных для 133452337 из ESI...
19:28:59 | INFO     | ⚙️ Проверка фильтров 133452337 для 1 каналов...
19:28:59 | INFO     | 🎯 [ID: 133452337] Совпадение для канала 1463802595931062374! Тип: PRIORITY_TARGET
19:29:01 | INFO     | Generated image: killmail_images/kill_133452337.png
19:29:02 | INFO     | Уведомление с изображением отправлено в канал 1463802595931062374
19:29:02 | INFO     | ✅ Уведомление отправлено в канал 1463802595931062374
19:29:02 | INFO     | ✅ KillID 133452337 обработан. Совпадений: 1
19:29:02 | INFO     | 📥 [PROCESSOR] Начинаю обработку KillID: 133452330
19:29:02 | INFO     | 🔍 Запрос хэша для 133452330 у zKillboard...
19:29:03 | INFO     | 🌐 Запрос детальных данных для 133452330 из ESI...
19:29:03 | INFO     | ⚙️ Проверка фильтров 133452330 для 1 каналов...
19:29:03 | INFO     | 🎯 [ID: 133452330] Совпадение для канала 1463802595931062374! Тип: LOCATION_WATCH
19:29:03 | INFO     | Generated image: killmail_images/kill_133452330.png
19:29:05 | INFO     | Уведомление с изображением отправлено в канал 1463802595931062374
19:29:05 | INFO     | ✅ Уведомление отправлено в канал 1463802595931062374
19:29:05 | INFO     | ✅ KillID 133452330 обработан. Совпадений: 1
19:29:05 | INFO     | 📥 [PROCESSOR] Начинаю обработку KillID: 133452325
19:29:05 | INFO     | 🔍 Запрос хэша для 133452325 у zKillboard...
19:29:05 | INFO     | 🌐 Запрос детальных данных для 133452325 из ESI...
19:29:05 | INFO     | ⚙️ Проверка фильтров 133452325 для 1 каналов...
19:29:05 | INFO     | 🎯 [ID: 133452325] Совпадение для канала 1463802595931062374! Тип: LOCATION_WATCH
19:29:07 | INFO     | Generated image: killmail_images/kill_133452325.png
19:29:08 | INFO     | Уведомление с изображением отправлено в канал 1463802595931062374
19:29:08 | INFO     | ✅ Уведомление отправлено в канал 1463802595931062374
19:29:08 | INFO     | ✅ KillID 133452325 обработан. Совпадений: 1
19:36:41 | INFO     | 🛑 Получен сигнал 2. Инициирую остановку...
19:36:42 | INFO     | 🛑 Получен сигнал остановки. Завершаю работу воркеров...
19:36:42 | INFO     | ⏳ Остановка воркеров...
19:36:42 | INFO     | 🛑 Processor получил сигнал остановки
19:36:42 | INFO     | 🛑 Listener получил сигнал остановки
19:36:42 | INFO     | ♻️ Очередь очищена
19:36:42 | INFO     | 👋 Завершение работы системы мониторинга
19:36:42 | INFO     | 🔌 Закрытие соединений...
19:36:42 | INFO     | 👋 EVE KillBot остановлен. o7
19:37:08 | INFO     | 🚀 Запуск EVE KillBot...
19:37:08 | INFO     | --- ⚙️ СИСТЕМА МОНИТОРИНГА ГОТОВИТСЯ К СТАРТУ ---
19:37:12 | INFO     | ✅ Discord бот готов к работе
19:37:12 | INFO     | 📋 Конфиг загружен: 23 фильтров для 1 каналов
19:37:12 | INFO     | 🔄 Запуск воркеров с конфигурацией для 1 каналов
19:37:12 | INFO     | 🔗 Подключение к WebSocket zKillboard...
19:37:12 | INFO     | ⚙️ Многоканальный обработчик событий запущен...
19:37:12 | INFO     | 🔥 [PROCESSOR] СЕССИЯ ОТКРЫТА, НАЧИНАЮ ОБРАБОТКУ...
19:37:12 | INFO     | ✅ Успешное подключение к zKillboard WebSocket
19:37:12 | INFO     | 📡 Подготовка подписок на 23 каналов...
19:37:13 | INFO     | ✅ Подписка на killstream установлена
19:37:15 | INFO     | ✅ Все подписки (23) отправлены zKillboard
19:39:36 | INFO     | 📡 [LISTENER] Получен KillID: 133452573. Добавляю в очередь...
19:39:36 | INFO     | 📥 [PROCESSOR] Начинаю обработку KillID: 133452573
19:39:36 | INFO     | 🔍 Запрос хэша для 133452573 у zKillboard...
19:39:36 | INFO     | ✅ [LISTENER] KillID 133452573 добавлен. Размер очереди: 0
19:39:36 | INFO     | 📡 [LISTENER] Получен KillID: 133452544. Добавляю в очередь...
19:39:36 | INFO     | ✅ [LISTENER] KillID 133452544 добавлен. Размер очереди: 1
19:39:37 | INFO     | 🌐 Запрос детальных данных для 133452573 из ESI...
19:39:37 | INFO     | ⚙️ Проверка фильтров 133452573 для 1 каналов...
19:39:37 | INFO     | 🎯 [ID: 133452573] Совпадение для канала 1463802595931062374! Тип: PRIORITY_TARGET
19:39:38 | INFO     | Generated image: killmail_images/kill_133452573.png
19:39:39 | INFO     | Уведомление с изображением отправлено в канал 1463802595931062374
19:39:39 | INFO     | ✅ Уведомление отправлено в канал 1463802595931062374
19:39:39 | INFO     | ✅ KillID 133452573 обработан. Совпадений: 1
19:39:39 | INFO     | 📥 [PROCESSOR] Начинаю обработку KillID: 133452544
19:39:39 | INFO     | 🔍 Запрос хэша для 133452544 у zKillboard...
19:39:39 | INFO     | 🌐 Запрос детальных данных для 133452544 из ESI...
19:39:39 | INFO     | ⚙️ Проверка фильтров 133452544 для 1 каналов...
19:39:39 | INFO     | 🎯 [ID: 133452544] Совпадение для канала 1463802595931062374! Тип: LOCATION_WATCH
19:39:40 | INFO     | Generated image: killmail_images/kill_133452544.png
19:39:41 | INFO     | Уведомление с изображением отправлено в канал 1463802595931062374
19:39:41 | INFO     | ✅ Уведомление отправлено в канал 1463802595931062374
19:39:41 | INFO     | ✅ KillID 133452544 обработан. Совпадений: 1
19:42:24 | INFO     | 📡 [LISTENER] Получен KillID: 133452633. Добавляю в очередь...
19:42:24 | INFO     | 📥 [PROCESSOR] Начинаю обработку KillID: 133452633
19:42:24 | INFO     | 🔍 Запрос хэша для 133452633 у zKillboard...
19:42:24 | INFO     | ✅ [LISTENER] KillID 133452633 добавлен. Размер очереди: 0
19:42:24 | INFO     | 📡 [LISTENER] Получен KillID: 133452617. Добавляю в очередь...
19:42:24 | INFO     | ✅ [LISTENER] KillID 133452617 добавлен. Размер очереди: 1
19:42:24 | INFO     | 🌐 Запрос детальных данных для 133452633 из ESI...
19:42:25 | INFO     | ⚙️ Проверка фильтров 133452633 для 1 каналов...
19:42:25 | INFO     | 🎯 [ID: 133452633] Совпадение для канала 1463802595931062374! Тип: PRIORITY_TARGET
19:42:27 | INFO     | Generated image: killmail_images/kill_133452633.png
19:42:28 | INFO     | Уведомление с изображением отправлено в канал 1463802595931062374
19:42:28 | INFO     | ✅ Уведомление отправлено в канал 1463802595931062374
19:42:28 | INFO     | ✅ KillID 133452633 обработан. Совпадений: 1
19:42:28 | INFO     | 📥 [PROCESSOR] Начинаю обработку KillID: 133452617
19:42:28 | INFO     | 🔍 Запрос хэша для 133452617 у zKillboard...
19:42:28 | INFO     | 🌐 Запрос детальных данных для 133452617 из ESI...
19:42:28 | INFO     | ⚙️ Проверка фильтров 133452617 для 1 каналов...
19:42:28 | INFO     | 🎯 [ID: 133452617] Совпадение для канала 1463802595931062374! Тип: LOCATION_WATCH
19:42:29 | INFO     | Generated image: killmail_images/kill_133452617.png
19:42:31 | INFO     | Уведомление с изображением отправлено в канал 1463802595931062374
19:42:31 | INFO     | ✅ Уведомление отправлено в канал 1463802595931062374
19:42:31 | INFO     | ✅ KillID 133452617 обработан. Совпадений: 1
19:43:41 | INFO     | 🛑 Получен сигнал 2. Инициирую остановку...
19:43:42 | INFO     | 🛑 Получен сигнал остановки. Завершаю работу воркеров...
19:43:42 | INFO     | ⏳ Остановка воркеров...
19:43:42 | INFO     | 🛑 Processor получил сигнал остановки
19:43:42 | INFO     | 🛑 Listener получил сигнал остановки
19:43:42 | INFO     | ♻️ Очередь очищена
19:43:42 | INFO     | 👋 Завершение работы системы мониторинга
19:43:42 | INFO     | 🔌 Закрытие соединений...
19:43:42 | INFO     | 👋 EVE KillBot остановлен. o7
19:43:50 | INFO     | 🚀 Запуск EVE KillBot...
19:43:50 | INFO     | --- ⚙️ СИСТЕМА МОНИТОРИНГА ГОТОВИТСЯ К СТАРТУ ---
19:43:54 | INFO     | ✅ Discord бот готов к работе
19:43:54 | INFO     | 📋 Конфиг загружен: 23 фильтров для 1 каналов
19:43:54 | INFO     | 🔄 Запуск воркеров с конфигурацией для 1 каналов
19:43:54 | INFO     | 🔗 Подключение к WebSocket zKillboard...
19:43:54 | INFO     | ⚙️ Многоканальный обработчик событий запущен...
19:43:54 | INFO     | 🔥 [PROCESSOR] СЕССИЯ ОТКРЫТА, НАЧИНАЮ ОБРАБОТКУ...
19:43:55 | INFO     | ✅ Успешное подключение к zKillboard WebSocket
19:43:55 | INFO     | 📡 Подготовка подписок на 23 каналов...
19:43:55 | INFO     | ✅ Подписка на killstream установлена
19:43:58 | INFO     | ✅ Все подписки (23) отправлены zKillboard
19:44:22 | INFO     | 📡 [LISTENER] Получен KillID: 133452363. Добавляю в очередь...
19:44:22 | INFO     | 📥 [PROCESSOR] Начинаю обработку KillID: 133452363
19:44:22 | INFO     | 🔍 Запрос хэша для 133452363 у zKillboard...
19:44:22 | INFO     | ✅ [LISTENER] KillID 133452363 добавлен. Размер очереди: 0
19:44:22 | INFO     | 🌐 Запрос детальных данных для 133452363 из ESI...
19:44:23 | INFO     | ⚙️ Проверка фильтров 133452363 для 1 каналов...
19:44:23 | INFO     | 🎯 [ID: 133452363] Совпадение для канала 1463802595931062374! Тип: LOCATION_WATCH
19:44:24 | INFO     | Generated image (1081x500): killmail_images/kill_133452363.png
19:44:25 | INFO     | Уведомление с изображением отправлено в канал 1463802595931062374
19:44:25 | INFO     | ✅ Уведомление отправлено в канал 1463802595931062374
19:44:25 | INFO     | ✅ KillID 133452363 обработан. Совпадений: 1
19:46:12 | INFO     | 📡 [LISTENER] Получен KillID: 133452674. Добавляю в очередь...
19:46:12 | INFO     | 📥 [PROCESSOR] Начинаю обработку KillID: 133452674
19:46:12 | INFO     | 🔍 Запрос хэша для 133452674 у zKillboard...
19:46:12 | INFO     | ✅ [LISTENER] KillID 133452674 добавлен. Размер очереди: 0
19:46:12 | INFO     | 🌐 Запрос детальных данных для 133452674 из ESI...
19:46:13 | INFO     | ⚙️ Проверка фильтров 133452674 для 1 каналов...
19:46:13 | INFO     | 🎯 [ID: 133452674] Совпадение для канала 1463802595931062374! Тип: LOCATION_WATCH
19:46:16 | INFO     | Generated image (1011x500): killmail_images/kill_133452674.png
19:46:18 | INFO     | Уведомление с изображением отправлено в канал 1463802595931062374
19:46:18 | INFO     | ✅ Уведомление отправлено в канал 1463802595931062374
19:46:18 | INFO     | ✅ KillID 133452674 обработан. Совпадений: 1
19:46:18 | INFO     | 📡 [LISTENER] Получен KillID: 133452682. Добавляю в очередь...
19:46:18 | INFO     | 📥 [PROCESSOR] Начинаю обработку KillID: 133452682
19:46:18 | INFO     | 🔍 Запрос хэша для 133452682 у zKillboard...
19:46:18 | INFO     | ✅ [LISTENER] KillID 133452682 добавлен. Размер очереди: 0
19:46:18 | INFO     | 🌐 Запрос детальных данных для 133452682 из ESI...
19:46:19 | INFO     | ⚙️ Проверка фильтров 133452682 для 1 каналов...
19:46:19 | INFO     | 🎯 [ID: 133452682] Совпадение для канала 1463802595931062374! Тип: PRIORITY_TARGET
19:46:19 | INFO     | Generated image (1011x500): killmail_images/kill_133452682.png
19:46:20 | INFO     | Уведомление с изображением отправлено в канал 1463802595931062374
19:46:20 | INFO     | ✅ Уведомление отправлено в канал 1463802595931062374
19:46:20 | INFO     | ✅ KillID 133452682 обработан. Совпадений: 1
19:51:18 | INFO     | 📡 [LISTENER] Получен KillID: 133452753. Добавляю в очередь...
19:51:18 | INFO     | 📥 [PROCESSOR] Начинаю обработку KillID: 133452753
19:51:18 | INFO     | 🔍 Запрос хэша для 133452753 у zKillboard...
19:51:18 | INFO     | ✅ [LISTENER] KillID 133452753 добавлен. Размер очереди: 0
19:51:18 | INFO     | 📡 [LISTENER] Получен KillID: 133452753. Добавляю в очередь...
19:51:18 | INFO     | ✅ [LISTENER] KillID 133452753 добавлен. Размер очереди: 1
19:51:18 | INFO     | 🌐 Запрос детальных данных для 133452753 из ESI...
19:51:19 | INFO     | ⚙️ Проверка фильтров 133452753 для 1 каналов...
19:51:19 | INFO     | 🎯 [ID: 133452753] Совпадение для канала 1463802595931062374! Тип: LOCATION_WATCH
19:51:21 | INFO     | Generated image (1105x500): killmail_images/kill_133452753.png
19:51:22 | INFO     | Уведомление с изображением отправлено в канал 1463802595931062374
19:51:22 | INFO     | ✅ Уведомление отправлено в канал 1463802595931062374
19:51:22 | INFO     | ✅ KillID 133452753 обработан. Совпадений: 1
19:51:22 | INFO     | 📥 [PROCESSOR] Начинаю обработку KillID: 133452753
19:51:22 | INFO     | ⏭️ [PROCESSOR] Пропускаю дубликат KillID: 133452753
19:51:23 | ERROR    | 🚨 Processor упал с ошибкой: task_done() called too many times
19:51:23 | WARNING  | 🔄 Требуется перезапуск воркеров (обновление конфига или сбой)
19:51:23 | INFO     | ⏳ Остановка воркеров...
19:51:23 | INFO     | 🛑 Listener получил сигнал остановки
19:51:23 | INFO     | ♻️ Очередь очищена
19:51:23 | INFO     | 📊 Статистика перед рестартом: {'processed_total': 4, 'duplicates_skipped': 1, 'errors': 0, 'notifications_sent': 4}
19:51:23 | INFO     | ⏳ Пауза перед рестартом (2 сек)...
19:51:25 | INFO     | 📋 Конфиг загружен: 23 фильтров для 1 каналов
19:51:25 | INFO     | 🔄 Запуск воркеров с конфигурацией для 1 каналов
19:51:25 | INFO     | 🔗 Подключение к WebSocket zKillboard...
19:51:25 | INFO     | ⚙️ Многоканальный обработчик событий запущен...
19:51:25 | INFO     | 🔥 [PROCESSOR] СЕССИЯ ОТКРЫТА, НАЧИНАЮ ОБРАБОТКУ...
19:51:25 | INFO     | ✅ Успешное подключение к zKillboard WebSocket
19:51:25 | INFO     | 📡 Подготовка подписок на 23 каналов...
19:51:26 | INFO     | ✅ Подписка на killstream установлена
19:51:28 | INFO     | ✅ Все подписки (23) отправлены zKillboard
19:56:13 | INFO     | 📡 [LISTENER] Получен KillID: 133452857. Добавляю в очередь...
19:56:13 | INFO     | 📥 [PROCESSOR] Начинаю обработку KillID: 133452857
19:56:13 | INFO     | 🔍 Запрос хэша для 133452857 у zKillboard...
19:56:13 | INFO     | ✅ [LISTENER] KillID 133452857 добавлен. Размер очереди: 0
19:56:13 | INFO     | 🌐 Запрос детальных данных для 133452857 из ESI...
19:56:14 | INFO     | ⚙️ Проверка фильтров 133452857 для 1 каналов...
19:56:14 | INFO     | 🎯 [ID: 133452857] Совпадение для канала 1463802595931062374! Тип: LOCATION_WATCH
19:56:16 | INFO     | Generated image (1027x500): killmail_images/kill_133452857.png
19:56:17 | INFO     | Уведомление с изображением отправлено в канал 1463802595931062374
19:56:17 | INFO     | ✅ Уведомление отправлено в канал 1463802595931062374
19:56:17 | INFO     | ✅ KillID 133452857 обработан. Совпадений: 1
19:56:36 | INFO     | 📡 [LISTENER] Получен KillID: 133452866. Добавляю в очередь...
19:56:36 | INFO     | 📥 [PROCESSOR] Начинаю обработку KillID: 133452866
19:56:36 | INFO     | 🔍 Запрос хэша для 133452866 у zKillboard...
19:56:36 | INFO     | ✅ [LISTENER] KillID 133452866 добавлен. Размер очереди: 0
19:56:36 | INFO     | 🌐 Запрос детальных данных для 133452866 из ESI...
19:56:36 | INFO     | ⚙️ Проверка фильтров 133452866 для 1 каналов...
19:56:36 | INFO     | 🎯 [ID: 133452866] Совпадение для канала 1463802595931062374! Тип: LOCATION_WATCH
19:56:39 | INFO     | Generated image (936x500): killmail_images/kill_133452866.png
19:56:41 | INFO     | Уведомление с изображением отправлено в канал 1463802595931062374
19:56:41 | INFO     | ✅ Уведомление отправлено в канал 1463802595931062374
19:56:41 | INFO     | ✅ KillID 133452866 обработан. Совпадений: 1
19:57:19 | INFO     | 🛑 Получен сигнал 2. Инициирую остановку...
19:57:19 | INFO     | 🛑 Получен сигнал остановки. Завершаю работу воркеров...
19:57:19 | INFO     | ⏳ Остановка воркеров...
19:57:19 | INFO     | 🛑 Processor получил сигнал остановки
19:57:19 | INFO     | 🛑 Listener получил сигнал остановки
19:57:19 | INFO     | ♻️ Очередь очищена
19:57:19 | INFO     | 👋 Завершение работы системы мониторинга
19:57:19 | INFO     | 🔌 Закрытие соединений...
19:57:19 | INFO     | 👋 EVE KillBot остановлен. o7
19:57:26 | INFO     | 🚀 Запуск EVE KillBot...
19:57:26 | INFO     | --- ⚙️ СИСТЕМА МОНИТОРИНГА ГОТОВИТСЯ К СТАРТУ ---
19:57:30 | INFO     | ✅ Discord бот готов к работе
19:57:30 | INFO     | 📋 Конфиг загружен: 23 фильтров для 1 каналов
19:57:30 | INFO     | 🔄 Запуск воркеров с конфигурацией для 1 каналов
19:57:30 | INFO     | 🔗 Подключение к WebSocket zKillboard...
19:57:30 | INFO     | ⚙️ Многоканальный обработчик событий запущен...
19:57:30 | INFO     | 🔥 [PROCESSOR] СЕССИЯ ОТКРЫТА, НАЧИНАЮ ОБРАБОТКУ...
19:57:31 | INFO     | ✅ Успешное подключение к zKillboard WebSocket
19:57:31 | INFO     | 📡 Подготовка подписок на 23 каналов...
19:57:31 | INFO     | ✅ Подписка на killstream установлена
19:57:34 | INFO     | ✅ Все подписки (23) отправлены zKillboard
19:57:57 | INFO     | 📡 [LISTENER] Получен KillID: 133452845. Добавляю в очередь...
19:57:57 | INFO     | 📥 [PROCESSOR] Начинаю обработку KillID: 133452845
19:57:57 | INFO     | 🔍 Запрос хэша для 133452845 у zKillboard...
19:57:57 | INFO     | ✅ [LISTENER] KillID 133452845 добавлен. Размер очереди: 0
19:57:57 | INFO     | 📡 [LISTENER] Получен KillID: 133452833. Добавляю в очередь...
19:57:57 | INFO     | ✅ [LISTENER] KillID 133452833 добавлен. Размер очереди: 1
19:57:57 | INFO     | 🌐 Запрос детальных данных для 133452845 из ESI...
19:57:57 | INFO     | ⚙️ Проверка фильтров 133452845 для 1 каналов...
19:57:57 | INFO     | 🎯 [ID: 133452845] Совпадение для канала 1463802595931062374! Тип: LOCATION_WATCH
19:57:59 | INFO     | Generated image (997x500): killmail_images/kill_133452845.png
19:58:01 | INFO     | Уведомление с изображением отправлено в канал 1463802595931062374
19:58:01 | INFO     | ✅ Уведомление отправлено в канал 1463802595931062374
19:58:01 | INFO     | ✅ KillID 133452845 обработан. Совпадений: 1
19:58:01 | INFO     | 📥 [PROCESSOR] Начинаю обработку KillID: 133452833
19:58:01 | INFO     | 🔍 Запрос хэша для 133452833 у zKillboard...
19:58:01 | INFO     | 🌐 Запрос детальных данных для 133452833 из ESI...
19:58:01 | INFO     | ⚙️ Проверка фильтров 133452833 для 1 каналов...
19:58:01 | INFO     | 🎯 [ID: 133452833] Совпадение для канала 1463802595931062374! Тип: LOCATION_WATCH
19:58:02 | INFO     | Generated image (1130x500): killmail_images/kill_133452833.png
19:58:04 | INFO     | Уведомление с изображением отправлено в канал 1463802595931062374
19:58:04 | INFO     | ✅ Уведомление отправлено в канал 1463802595931062374
19:58:04 | INFO     | ✅ KillID 133452833 обработан. Совпадений: 1
19:58:51 | INFO     | 📡 [LISTENER] Получен KillID: 133452867. Добавляю в очередь...
19:58:51 | INFO     | 📥 [PROCESSOR] Начинаю обработку KillID: 133452867
19:58:51 | INFO     | 🔍 Запрос хэша для 133452867 у zKillboard...
19:58:51 | INFO     | ✅ [LISTENER] KillID 133452867 добавлен. Размер очереди: 0
19:58:51 | INFO     | 🌐 Запрос детальных данных для 133452867 из ESI...
19:58:52 | INFO     | ⚙️ Проверка фильтров 133452867 для 1 каналов...
19:59:00 | INFO     | 📡 [LISTENER] Получен KillID: 133452868. Добавляю в очередь...
19:59:00 | INFO     | 📥 [PROCESSOR] Начинаю обработку KillID: 133452868
19:59:00 | INFO     | 🔍 Запрос хэша для 133452868 у zKillboard...
19:59:00 | INFO     | ✅ [LISTENER] KillID 133452868 добавлен. Размер очереди: 0
19:59:01 | INFO     | 🌐 Запрос детальных данных для 133452868 из ESI...
19:59:01 | INFO     | ⚙️ Проверка фильтров 133452868 для 1 каналов...
19:59:15 | INFO     | 📡 [LISTENER] Получен KillID: 133452874. Добавляю в очередь...
19:59:15 | INFO     | 📥 [PROCESSOR] Начинаю обработку KillID: 133452874
19:59:15 | INFO     | 🔍 Запрос хэша для 133452874 у zKillboard...
19:59:15 | INFO     | ✅ [LISTENER] KillID 133452874 добавлен. Размер очереди: 0
19:59:16 | INFO     | 🌐 Запрос детальных данных для 133452874 из ESI...
19:59:16 | INFO     | ⚙️ Проверка фильтров 133452874 для 1 каналов...
19:59:16 | INFO     | 🎯 [ID: 133452874] Совпадение для канала 1463802595931062374! Тип: PRIORITY_TARGET
19:59:16 | INFO     | 📡 [LISTENER] Получен KillID: 133452864. Добавляю в очередь...
19:59:16 | INFO     | ✅ [LISTENER] KillID 133452864 добавлен. Размер очереди: 1
19:59:18 | INFO     | Generated image (900x500): killmail_images/kill_133452874.png
19:59:19 | INFO     | Уведомление с изображением отправлено в канал 1463802595931062374
19:59:19 | INFO     | ✅ Уведомление отправлено в канал 1463802595931062374
19:59:19 | INFO     | ✅ KillID 133452874 обработан. Совпадений: 1
19:59:19 | INFO     | 📥 [PROCESSOR] Начинаю обработку KillID: 133452864
19:59:19 | INFO     | 🔍 Запрос хэша для 133452864 у zKillboard...
19:59:20 | INFO     | 🌐 Запрос детальных данных для 133452864 из ESI...
19:59:20 | INFO     | ⚙️ Проверка фильтров 133452864 для 1 каналов...
19:59:20 | INFO     | 🎯 [ID: 133452864] Совпадение для канала 1463802595931062374! Тип: LOCATION_WATCH
19:59:20 | INFO     | Generated image (900x500): killmail_images/kill_133452864.png
19:59:22 | INFO     | Уведомление с изображением отправлено в канал 1463802595931062374
19:59:22 | INFO     | ✅ Уведомление отправлено в канал 1463802595931062374
19:59:22 | INFO     | ✅ KillID 133452864 обработан. Совпадений: 1
19:59:22 | INFO     | 📡 [LISTENER] Получен KillID: 133452848. Добавляю в очередь...
19:59:22 | INFO     | 📥 [PROCESSOR] Начинаю обработку KillID: 133452848
19:59:22 | INFO     | 🔍 Запрос хэша для 133452848 у zKillboard...
19:59:22 | INFO     | ✅ [LISTENER] KillID 133452848 добавлен. Размер очереди: 0
19:59:23 | INFO     | 🌐 Запрос детальных данных для 133452848 из ESI...
19:59:23 | INFO     | ⚙️ Проверка фильтров 133452848 для 1 каналов...
19:59:23 | INFO     | 🎯 [ID: 133452848] Совпадение для канала 1463802595931062374! Тип: LOCATION_WATCH
19:59:24 | INFO     | Generated image (997x500): killmail_images/kill_133452848.png
19:59:25 | INFO     | Уведомление с изображением отправлено в канал 1463802595931062374
19:59:25 | INFO     | ✅ Уведомление отправлено в канал 1463802595931062374
19:59:25 | INFO     | ✅ KillID 133452848 обработан. Совпадений: 1
20:00:34 | INFO     | 📡 [LISTENER] Получен KillID: 133452852. Добавляю в очередь...
20:00:34 | INFO     | 📥 [PROCESSOR] Начинаю обработку KillID: 133452852
20:00:34 | INFO     | 🔍 Запрос хэша для 133452852 у zKillboard...
20:00:34 | INFO     | ✅ [LISTENER] KillID 133452852 добавлен. Размер очереди: 0
20:00:34 | INFO     | 🌐 Запрос детальных данных для 133452852 из ESI...
20:00:35 | INFO     | ⚙️ Проверка фильтров 133452852 для 1 каналов...
20:00:35 | INFO     | 🎯 [ID: 133452852] Совпадение для канала 1463802595931062374! Тип: LOCATION_WATCH
20:00:37 | INFO     | Generated image (986x500): killmail_images/kill_133452852.png
20:00:38 | INFO     | Уведомление с изображением отправлено в канал 1463802595931062374
20:00:38 | INFO     | ✅ Уведомление отправлено в канал 1463802595931062374
20:00:38 | INFO     | ✅ KillID 133452852 обработан. Совпадений: 1
20:02:38 | INFO     | 📡 [LISTENER] Получен KillID: 133452977. Добавляю в очередь...
20:02:38 | INFO     | 📥 [PROCESSOR] Начинаю обработку KillID: 133452977
20:02:38 | INFO     | 🔍 Запрос хэша для 133452977 у zKillboard...
20:02:38 | INFO     | ✅ [LISTENER] KillID 133452977 добавлен. Размер очереди: 0
20:02:38 | INFO     | 📡 [LISTENER] Получен KillID: 133452977. Добавляю в очередь...
20:02:38 | INFO     | ✅ [LISTENER] KillID 133452977 добавлен. Размер очереди: 1
20:02:38 | INFO     | 📡 [LISTENER] Получен KillID: 133452959. Добавляю в очередь...
20:02:38 | INFO     | ✅ [LISTENER] KillID 133452959 добавлен. Размер очереди: 2
20:02:39 | INFO     | 📡 [LISTENER] Получен KillID: 133452959. Добавляю в очередь...
20:02:39 | INFO     | ✅ [LISTENER] KillID 133452959 добавлен. Размер очереди: 3
20:02:39 | INFO     | 🌐 Запрос детальных данных для 133452977 из ESI...
20:02:39 | INFO     | ⚙️ Проверка фильтров 133452977 для 1 каналов...
20:02:39 | INFO     | 🎯 [ID: 133452977] Совпадение для канала 1463802595931062374! Тип: PRIORITY_TARGET
20:02:43 | INFO     | Generated image (1025x500): killmail_images/kill_133452977.png
20:02:44 | INFO     | Уведомление с изображением отправлено в канал 1463802595931062374
20:02:44 | INFO     | ✅ Уведомление отправлено в канал 1463802595931062374
20:02:44 | INFO     | ✅ KillID 133452977 обработан. Совпадений: 1
20:02:44 | INFO     | 📥 [PROCESSOR] Начинаю обработку KillID: 133452977
20:02:44 | INFO     | ⏭️ [PROCESSOR] Пропускаю дубликат KillID: 133452977
20:02:44 | INFO     | 📥 [PROCESSOR] Начинаю обработку KillID: 133452959
20:02:44 | INFO     | 🔍 Запрос хэша для 133452959 у zKillboard...
20:02:45 | INFO     | 🌐 Запрос детальных данных для 133452959 из ESI...
20:02:45 | INFO     | ⚙️ Проверка фильтров 133452959 для 1 каналов...
20:02:45 | INFO     | 🎯 [ID: 133452959] Совпадение для канала 1463802595931062374! Тип: LOCATION_WATCH
20:02:45 | INFO     | Generated image (1025x500): killmail_images/kill_133452959.png
20:02:47 | INFO     | Уведомление с изображением отправлено в канал 1463802595931062374
20:02:47 | INFO     | ✅ Уведомление отправлено в канал 1463802595931062374
20:02:47 | INFO     | ✅ KillID 133452959 обработан. Совпадений: 1
20:02:47 | INFO     | 📥 [PROCESSOR] Начинаю обработку KillID: 133452959
20:02:47 | INFO     | ⏭️ [PROCESSOR] Пропускаю дубликат KillID: 133452959
20:02:47 | ERROR    | 💥 Критическая ошибка в processor loop: task_done() called too many times
Traceback (most recent call last):
  File "/home/curvabober/projects/eve/eve-zkill-notifier/src/processor.py", line 99, in start_processor
    data_queue.task_done()
  File "/home/curvabober/miniconda3/envs/eve_bot/lib/python3.10/asyncio/queues.py", line 202, in task_done
    raise ValueError('task_done() called too many times')
ValueError: task_done() called too many times
20:02:49 | ERROR    | 🚨 Processor упал с ошибкой: task_done() called too many times
20:02:49 | WARNING  | 🔄 Требуется перезапуск воркеров (обновление конфига или сбой)
20:02:49 | INFO     | ⏳ Остановка воркеров...
20:02:49 | INFO     | 🛑 Listener получил сигнал остановки
20:02:49 | INFO     | ♻️ Очередь очищена
20:02:49 | INFO     | 📊 Статистика перед рестартом: {'processed_total': 10, 'duplicates_skipped': 2, 'errors': 0, 'notifications_sent': 8}
20:02:49 | INFO     | ⏳ Пауза перед рестартом (2 сек)...
20:02:51 | INFO     | 📋 Конфиг загружен: 23 фильтров для 1 каналов
20:02:51 | INFO     | 🔄 Запуск воркеров с конфигурацией для 1 каналов
20:02:51 | INFO     | 🔗 Подключение к WebSocket zKillboard...
20:02:51 | INFO     | ⚙️ Многоканальный обработчик событий запущен...
20:02:51 | INFO     | 🔥 [PROCESSOR] СЕССИЯ ОТКРЫТА, НАЧИНАЮ ОБРАБОТКУ...
20:02:51 | INFO     | ✅ Успешное подключение к zKillboard WebSocket
20:02:51 | INFO     | 📡 Подготовка подписок на 23 каналов...
20:02:52 | INFO     | ✅ Подписка на killstream установлена
20:02:54 | INFO     | ✅ Все подписки (23) отправлены zKillboard
20:03:03 | INFO     | 📡 [LISTENER] Получен KillID: 133452849. Добавляю в очередь...
20:03:03 | INFO     | 📥 [PROCESSOR] Начинаю обработку KillID: 133452849
20:03:03 | INFO     | 🔍 Запрос хэша для 133452849 у zKillboard...
20:03:03 | INFO     | ✅ [LISTENER] KillID 133452849 добавлен. Размер очереди: 0
20:03:03 | INFO     | 🌐 Запрос детальных данных для 133452849 из ESI...
20:03:04 | INFO     | ⚙️ Проверка фильтров 133452849 для 1 каналов...
20:03:04 | INFO     | 🎯 [ID: 133452849] Совпадение для канала 1463802595931062374! Тип: LOCATION_WATCH
20:03:06 | INFO     | Generated image (980x500): killmail_images/kill_133452849.png
20:03:09 | INFO     | Уведомление с изображением отправлено в канал 1463802595931062374
20:03:09 | INFO     | ✅ Уведомление отправлено в канал 1463802595931062374
20:03:09 | INFO     | ✅ KillID 133452849 обработан. Совпадений: 1
20:03:27 | INFO     | 📡 [LISTENER] Получен KillID: 133452980. Добавляю в очередь...
20:03:27 | INFO     | 📥 [PROCESSOR] Начинаю обработку KillID: 133452980
20:03:27 | INFO     | 🔍 Запрос хэша для 133452980 у zKillboard...
20:03:27 | INFO     | ✅ [LISTENER] KillID 133452980 добавлен. Размер очереди: 0
20:03:27 | INFO     | 🌐 Запрос детальных данных для 133452980 из ESI...
20:03:28 | INFO     | ⚙️ Проверка фильтров 133452980 для 1 каналов...
20:03:28 | INFO     | 🎯 [ID: 133452980] Совпадение для канала 1463802595931062374! Тип: LOCATION_WATCH
20:03:30 | INFO     | Generated image (948x500): killmail_images/kill_133452980.png
20:03:31 | INFO     | Уведомление с изображением отправлено в канал 1463802595931062374
20:03:31 | INFO     | ✅ Уведомление отправлено в канал 1463802595931062374
20:03:31 | INFO     | ✅ KillID 133452980 обработан. Совпадений: 1
20:03:34 | INFO     | 📡 [LISTENER] Получен KillID: 133452949. Добавляю в очередь...
20:03:34 | INFO     | 📥 [PROCESSOR] Начинаю обработку KillID: 133452949
20:03:34 | INFO     | 🔍 Запрос хэша для 133452949 у zKillboard...
20:03:34 | INFO     | ✅ [LISTENER] KillID 133452949 добавлен. Размер очереди: 0
20:03:34 | INFO     | 🌐 Запрос детальных данных для 133452949 из ESI...
20:03:34 | INFO     | ⚙️ Проверка фильтров 133452949 для 1 каналов...
20:03:34 | INFO     | 🎯 [ID: 133452949] Совпадение для канала 1463802595931062374! Тип: LOCATION_WATCH
20:03:36 | INFO     | Generated image (1117x500): killmail_images/kill_133452949.png
20:03:38 | INFO     | Уведомление с изображением отправлено в канал 1463802595931062374
20:03:38 | INFO     | ✅ Уведомление отправлено в канал 1463802595931062374
20:03:38 | INFO     | ✅ KillID 133452949 обработан. Совпадений: 1
20:04:17 | INFO     | 📡 [LISTENER] Получен KillID: 133452991. Добавляю в очередь...
20:04:17 | INFO     | 📥 [PROCESSOR] Начинаю обработку KillID: 133452991
20:04:17 | INFO     | 🔍 Запрос хэша для 133452991 у zKillboard...
20:04:17 | INFO     | ✅ [LISTENER] KillID 133452991 добавлен. Размер очереди: 0
20:04:17 | INFO     | 🌐 Запрос детальных данных для 133452991 из ESI...
20:04:18 | INFO     | ⚙️ Проверка фильтров 133452991 для 1 каналов...
20:04:18 | INFO     | 🎯 [ID: 133452991] Совпадение для канала 1463802595931062374! Тип: LOCATION_WATCH
20:04:19 | INFO     | Generated image (996x500): killmail_images/kill_133452991.png
20:04:21 | INFO     | Уведомление с изображением отправлено в канал 1463802595931062374
20:04:21 | INFO     | ✅ Уведомление отправлено в канал 1463802595931062374
20:04:21 | INFO     | ✅ KillID 133452991 обработан. Совпадений: 1
20:06:02 | INFO     | 📡 [LISTENER] Получен KillID: 133451941. Добавляю в очередь...
20:06:02 | INFO     | 📥 [PROCESSOR] Начинаю обработку KillID: 133451941
20:06:02 | INFO     | 🔍 Запрос хэша для 133451941 у zKillboard...
20:06:02 | INFO     | ✅ [LISTENER] KillID 133451941 добавлен. Размер очереди: 0
20:06:02 | INFO     | 🌐 Запрос детальных данных для 133451941 из ESI...
20:06:03 | INFO     | ⚙️ Проверка фильтров 133451941 для 1 каналов...
20:06:03 | INFO     | 🎯 [ID: 133451941] Совпадение для канала 1463802595931062374! Тип: LOCATION_WATCH
20:06:05 | INFO     | Generated image (1029x500): killmail_images/kill_133451941.png
20:06:07 | INFO     | Уведомление с изображением отправлено в канал 1463802595931062374
20:06:07 | INFO     | ✅ Уведомление отправлено в канал 1463802595931062374
20:06:07 | INFO     | ✅ KillID 133451941 обработан. Совпадений: 1
20:06:16 | INFO     | 📡 [LISTENER] Получен KillID: 133451961. Добавляю в очередь...
20:06:16 | INFO     | 📥 [PROCESSOR] Начинаю обработку KillID: 133451961
20:06:16 | INFO     | 🔍 Запрос хэша для 133451961 у zKillboard...
20:06:16 | INFO     | ✅ [LISTENER] KillID 133451961 добавлен. Размер очереди: 0
20:06:16 | INFO     | 🌐 Запрос детальных данных для 133451961 из ESI...
20:06:16 | INFO     | ⚙️ Проверка фильтров 133451961 для 1 каналов...
20:06:16 | INFO     | 🎯 [ID: 133451961] Совпадение для канала 1463802595931062374! Тип: PRIORITY_TARGET
20:06:16 | INFO     | Generated image (1029x500): killmail_images/kill_133451961.png
20:06:18 | INFO     | Уведомление с изображением отправлено в канал 1463802595931062374
20:06:18 | INFO     | ✅ Уведомление отправлено в канал 1463802595931062374
20:06:18 | INFO     | ✅ KillID 133451961 обработан. Совпадений: 1
20:06:26 | INFO     | 📡 [LISTENER] Получен KillID: 133453004. Добавляю в очередь...
20:06:26 | INFO     | 📥 [PROCESSOR] Начинаю обработку KillID: 133453004
20:06:26 | INFO     | 🔍 Запрос хэша для 133453004 у zKillboard...
20:06:26 | INFO     | ✅ [LISTENER] KillID 133453004 добавлен. Размер очереди: 0
20:06:26 | INFO     | 🌐 Запрос детальных данных для 133453004 из ESI...
20:06:26 | INFO     | ⚙️ Проверка фильтров 133453004 для 1 каналов...
20:06:26 | INFO     | 🎯 [ID: 133453004] Совпадение для канала 1463802595931062374! Тип: PRIORITY_TARGET
20:06:27 | INFO     | Generated image (996x500): killmail_images/kill_133453004.png
20:06:28 | INFO     | Уведомление с изображением отправлено в канал 1463802595931062374
20:06:28 | INFO     | ✅ Уведомление отправлено в канал 1463802595931062374
20:06:28 | INFO     | ✅ KillID 133453004 обработан. Совпадений: 1
20:06:28 | INFO     | 📡 [LISTENER] Получен KillID: 133453021. Добавляю в очередь...
20:06:28 | INFO     | 📥 [PROCESSOR] Начинаю обработку KillID: 133453021
20:06:28 | INFO     | 🔍 Запрос хэша для 133453021 у zKillboard...
20:06:28 | INFO     | ✅ [LISTENER] KillID 133453021 добавлен. Размер очереди: 0
20:06:28 | INFO     | 🌐 Запрос детальных данных для 133453021 из ESI...
20:06:28 | INFO     | ⚙️ Проверка фильтров 133453021 для 1 каналов...
20:06:28 | INFO     | 🎯 [ID: 133453021] Совпадение для канала 1463802595931062374! Тип: LOCATION_WATCH
20:06:30 | INFO     | Generated image (1109x500): killmail_images/kill_133453021.png
20:06:31 | INFO     | Уведомление с изображением отправлено в канал 1463802595931062374
20:06:31 | INFO     | ✅ Уведомление отправлено в канал 1463802595931062374
20:06:31 | INFO     | ✅ KillID 133453021 обработан. Совпадений: 1
20:09:17 | INFO     | 📡 [LISTENER] Получен KillID: 133452853. Добавляю в очередь...
20:09:17 | INFO     | 📥 [PROCESSOR] Начинаю обработку KillID: 133452853
20:09:17 | INFO     | 🔍 Запрос хэша для 133452853 у zKillboard...
20:09:17 | INFO     | ✅ [LISTENER] KillID 133452853 добавлен. Размер очереди: 0
20:09:18 | INFO     | 🌐 Запрос детальных данных для 133452853 из ESI...
20:09:18 | INFO     | ⚙️ Проверка фильтров 133452853 для 1 каналов...
20:09:18 | INFO     | 🎯 [ID: 133452853] Совпадение для канала 1463802595931062374! Тип: LOCATION_WATCH
20:09:19 | INFO     | Generated image (984x500): killmail_images/kill_133452853.png
20:09:20 | INFO     | Уведомление с изображением отправлено в канал 1463802595931062374
20:09:20 | INFO     | ✅ Уведомление отправлено в канал 1463802595931062374
20:09:20 | INFO     | ✅ KillID 133452853 обработан. Совпадений: 1
20:11:29 | INFO     | 📡 [LISTENER] Получен KillID: 133453084. Добавляю в очередь...
20:11:29 | INFO     | 📥 [PROCESSOR] Начинаю обработку KillID: 133453084
20:11:29 | INFO     | 🔍 Запрос хэша для 133453084 у zKillboard...
20:11:29 | INFO     | ✅ [LISTENER] KillID 133453084 добавлен. Размер очереди: 0
20:11:30 | INFO     | 🌐 Запрос детальных данных для 133453084 из ESI...
20:11:30 | INFO     | ⚙️ Проверка фильтров 133453084 для 1 каналов...
20:11:30 | INFO     | 🎯 [ID: 133453084] Совпадение для канала 1463802595931062374! Тип: LOCATION_WATCH
20:11:32 | INFO     | Generated image (997x500): killmail_images/kill_133453084.png
20:11:33 | INFO     | Уведомление с изображением отправлено в канал 1463802595931062374
20:11:33 | INFO     | ✅ Уведомление отправлено в канал 1463802595931062374
20:11:33 | INFO     | ✅ KillID 133453084 обработан. Совпадений: 1
20:13:45 | INFO     | 📡 [LISTENER] Получен KillID: 133453144. Добавляю в очередь...
20:13:45 | INFO     | 📥 [PROCESSOR] Начинаю обработку KillID: 133453144
20:13:45 | INFO     | 🔍 Запрос хэша для 133453144 у zKillboard...
20:13:45 | INFO     | ✅ [LISTENER] KillID 133453144 добавлен. Размер очереди: 0
20:13:45 | INFO     | 🌐 Запрос детальных данных для 133453144 из ESI...
20:13:46 | INFO     | ⚙️ Проверка фильтров 133453144 для 1 каналов...
20:13:46 | INFO     | 🎯 [ID: 133453144] Совпадение для канала 1463802595931062374! Тип: LOCATION_WATCH
20:13:47 | INFO     | Generated image (998x500): killmail_images/kill_133453144.png
20:13:49 | INFO     | Уведомление с изображением отправлено в канал 1463802595931062374
20:13:49 | INFO     | ✅ Уведомление отправлено в канал 1463802595931062374
20:13:49 | INFO     | ✅ KillID 133453144 обработан. Совпадений: 1
20:15:21 | INFO     | 📡 [LISTENER] Получен KillID: 133453194. Добавляю в очередь...
20:15:21 | INFO     | 📥 [PROCESSOR] Начинаю обработку KillID: 133453194
20:15:21 | INFO     | 🔍 Запрос хэша для 133453194 у zKillboard...
20:15:21 | INFO     | ✅ [LISTENER] KillID 133453194 добавлен. Размер очереди: 0
20:15:21 | INFO     | 🌐 Запрос детальных данных для 133453194 из ESI...
20:15:21 | INFO     | ⚙️ Проверка фильтров 133453194 для 1 каналов...
20:15:21 | INFO     | 🎯 [ID: 133453194] Совпадение для канала 1463802595931062374! Тип: LOCATION_WATCH
20:15:24 | INFO     | Generated image (913x500): killmail_images/kill_133453194.png
20:15:26 | INFO     | Уведомление с изображением отправлено в канал 1463802595931062374
20:15:26 | INFO     | ✅ Уведомление отправлено в канал 1463802595931062374
20:15:26 | INFO     | ✅ KillID 133453194 обработан. Совпадений: 1
20:15:40 | INFO     | 🛑 Получен сигнал 2. Инициирую остановку...
20:15:42 | INFO     | 🛑 Получен сигнал остановки. Завершаю работу воркеров...
20:15:42 | INFO     | ⏳ Остановка воркеров...
20:15:42 | INFO     | 🛑 Processor получил сигнал остановки
20:15:42 | INFO     | 🛑 Listener получил сигнал остановки
20:15:42 | INFO     | ♻️ Очередь очищена
20:15:42 | INFO     | 👋 Завершение работы системы мониторинга
20:15:42 | INFO     | 🔌 Закрытие соединений...
20:15:42 | INFO     | 👋 EVE KillBot остановлен. o7
20:15:43 | INFO     | 🚀 Запуск EVE KillBot...
20:15:43 | INFO     | --- ⚙️ СИСТЕМА МОНИТОРИНГА ГОТОВИТСЯ К СТАРТУ ---
20:15:49 | INFO     | ✅ Discord бот готов к работе
20:15:49 | INFO     | 📋 Конфиг загружен: 23 фильтров для 1 каналов
20:15:49 | INFO     | 🔄 Запуск воркеров с конфигурацией для 1 каналов
20:15:49 | INFO     | 🔗 Подключение к WebSocket zKillboard...
20:15:49 | INFO     | ⚙️ Многоканальный обработчик событий запущен...
20:15:49 | INFO     | 🔥 [PROCESSOR] СЕССИЯ ОТКРЫТА, НАЧИНАЮ ОБРАБОТКУ...
20:15:50 | INFO     | ✅ Успешное подключение к zKillboard WebSocket
20:15:50 | INFO     | 📡 Подготовка подписок на 23 каналов...
20:15:50 | INFO     | ✅ Подписка на killstream установлена
20:15:53 | INFO     | ✅ Все подписки (23) отправлены zKillboard
20:16:56 | INFO     | 📡 [LISTENER] Получен KillID: 133453178. Добавляю в очередь...
20:16:56 | INFO     | 📥 [PROCESSOR] Начинаю обработку KillID: 133453178
20:16:56 | INFO     | 🔍 Запрос хэша для 133453178 у zKillboard...
20:16:56 | INFO     | ✅ [LISTENER] KillID 133453178 добавлен. Размер очереди: 0
20:16:56 | INFO     | 📡 [LISTENER] Получен KillID: 133453163. Добавляю в очередь...
20:16:56 | INFO     | ✅ [LISTENER] KillID 133453163 добавлен. Размер очереди: 1
20:16:56 | INFO     | 🌐 Запрос детальных данных для 133453178 из ESI...
20:16:56 | INFO     | ⚙️ Проверка фильтров 133453178 для 1 каналов...
20:16:56 | INFO     | 🎯 [ID: 133453178] Совпадение для канала 1463802595931062374! Тип: PRIORITY_TARGET
20:16:58 | INFO     | Generated image (909x500): killmail_images/kill_133453178.png
20:16:59 | INFO     | Notification sent to channel 1463802595931062374
20:16:59 | INFO     | ✅ Уведомление отправлено в канал 1463802595931062374
20:16:59 | INFO     | ✅ KillID 133453178 обработан. Совпадений: 1
20:16:59 | INFO     | 📥 [PROCESSOR] Начинаю обработку KillID: 133453163
20:16:59 | INFO     | 🔍 Запрос хэша для 133453163 у zKillboard...
20:17:00 | INFO     | 🌐 Запрос детальных данных для 133453163 из ESI...
20:17:00 | INFO     | ⚙️ Проверка фильтров 133453163 для 1 каналов...
20:17:00 | INFO     | 🎯 [ID: 133453163] Совпадение для канала 1463802595931062374! Тип: LOCATION_WATCH
20:17:00 | INFO     | Generated image (909x500): killmail_images/kill_133453163.png
20:17:02 | INFO     | Notification sent to channel 1463802595931062374
20:17:02 | INFO     | ✅ Уведомление отправлено в канал 1463802595931062374
20:17:02 | INFO     | ✅ KillID 133453163 обработан. Совпадений: 1
20:21:43 | INFO     | 📡 [LISTENER] Получен KillID: 133453250. Добавляю в очередь...
20:21:43 | INFO     | 📥 [PROCESSOR] Начинаю обработку KillID: 133453250
20:21:43 | INFO     | 🔍 Запрос хэша для 133453250 у zKillboard...
20:21:43 | INFO     | ✅ [LISTENER] KillID 133453250 добавлен. Размер очереди: 0
20:21:43 | INFO     | 🌐 Запрос детальных данных для 133453250 из ESI...
20:21:43 | INFO     | ⚙️ Проверка фильтров 133453250 для 1 каналов...
20:21:43 | INFO     | 🎯 [ID: 133453250] Совпадение для канала 1463802595931062374! Тип: LOCATION_WATCH
20:21:45 | INFO     | Generated image (970x500): killmail_images/kill_133453250.png
20:21:46 | INFO     | Notification sent to channel 1463802595931062374
20:21:46 | INFO     | ✅ Уведомление отправлено в канал 1463802595931062374
20:21:46 | INFO     | ✅ KillID 133453250 обработан. Совпадений: 1
20:23:50 | INFO     | 📡 [LISTENER] Получен KillID: 133453268. Добавляю в очередь...
20:23:50 | INFO     | 📥 [PROCESSOR] Начинаю обработку KillID: 133453268
20:23:50 | INFO     | 🔍 Запрос хэша для 133453268 у zKillboard...
20:23:50 | INFO     | ✅ [LISTENER] KillID 133453268 добавлен. Размер очереди: 0
20:23:50 | INFO     | 🌐 Запрос детальных данных для 133453268 из ESI...
20:23:51 | INFO     | ⚙️ Проверка фильтров 133453268 для 1 каналов...
20:23:51 | INFO     | 🎯 [ID: 133453268] Совпадение для канала 1463802595931062374! Тип: LOCATION_WATCH
20:23:52 | INFO     | Generated image (948x500): killmail_images/kill_133453268.png
20:23:53 | INFO     | Notification sent to channel 1463802595931062374
20:23:53 | INFO     | ✅ Уведомление отправлено в канал 1463802595931062374
20:23:53 | INFO     | ✅ KillID 133453268 обработан. Совпадений: 1
20:27:12 | INFO     | 📡 [LISTENER] Получен KillID: 133451753. Добавляю в очередь...
20:27:12 | INFO     | 📥 [PROCESSOR] Начинаю обработку KillID: 133451753
20:27:12 | INFO     | 🔍 Запрос хэша для 133451753 у zKillboard...
20:27:12 | INFO     | ✅ [LISTENER] KillID 133451753 добавлен. Размер очереди: 0
20:27:12 | INFO     | 🌐 Запрос детальных данных для 133451753 из ESI...
20:27:13 | INFO     | ⚙️ Проверка фильтров 133451753 для 1 каналов...
20:27:13 | INFO     | 🎯 [ID: 133451753] Совпадение для канала 1463802595931062374! Тип: LOCATION_WATCH
20:27:15 | INFO     | Generated image (927x500): killmail_images/kill_133451753.png
20:27:16 | INFO     | Notification sent to channel 1463802595931062374
20:27:16 | INFO     | ✅ Уведомление отправлено в канал 1463802595931062374
20:27:16 | INFO     | ✅ KillID 133451753 обработан. Совпадений: 1
20:27:20 | INFO     | 📡 [LISTENER] Получен KillID: 133453082. Добавляю в очередь...
20:27:20 | INFO     | 📥 [PROCESSOR] Начинаю обработку KillID: 133453082
20:27:20 | INFO     | 🔍 Запрос хэша для 133453082 у zKillboard...
20:27:20 | INFO     | ✅ [LISTENER] KillID 133453082 добавлен. Размер очереди: 0
20:27:20 | INFO     | 🌐 Запрос детальных данных для 133453082 из ESI...
20:27:21 | INFO     | ⚙️ Проверка фильтров 133453082 для 1 каналов...
20:27:21 | INFO     | 🎯 [ID: 133453082] Совпадение для канала 1463802595931062374! Тип: LOCATION_WATCH
20:27:21 | INFO     | Generated image (1120x500): killmail_images/kill_133453082.png
20:27:33 | INFO     | Notification sent to channel 1463802595931062374
20:27:33 | INFO     | ✅ Уведомление отправлено в канал 1463802595931062374
20:27:33 | INFO     | ✅ KillID 133453082 обработан. Совпадений: 1
20:28:49 | INFO     | 📡 [LISTENER] Получен KillID: 133453412. Добавляю в очередь...
20:28:49 | INFO     | 📥 [PROCESSOR] Начинаю обработку KillID: 133453412
20:28:49 | INFO     | 🔍 Запрос хэша для 133453412 у zKillboard...
20:28:49 | INFO     | ✅ [LISTENER] KillID 133453412 добавлен. Размер очереди: 0
20:28:49 | INFO     | 📡 [LISTENER] Получен KillID: 133453384. Добавляю в очередь...
20:28:49 | INFO     | ✅ [LISTENER] KillID 133453384 добавлен. Размер очереди: 1
20:28:50 | INFO     | 🌐 Запрос детальных данных для 133453412 из ESI...
20:28:50 | INFO     | ⚙️ Проверка фильтров 133453412 для 1 каналов...
20:28:50 | INFO     | 📥 [PROCESSOR] Начинаю обработку KillID: 133453384
20:28:50 | INFO     | 🔍 Запрос хэша для 133453384 у zKillboard...
20:28:50 | INFO     | 🌐 Запрос детальных данных для 133453384 из ESI...
20:28:50 | INFO     | ⚙️ Проверка фильтров 133453384 для 1 каналов...
20:32:29 | INFO     | 📡 [LISTENER] Получен KillID: 133453488. Добавляю в очередь...
20:32:29 | INFO     | 📥 [PROCESSOR] Начинаю обработку KillID: 133453488
20:32:29 | INFO     | 🔍 Запрос хэша для 133453488 у zKillboard...
20:32:29 | INFO     | ✅ [LISTENER] KillID 133453488 добавлен. Размер очереди: 0
20:32:29 | INFO     | 🌐 Запрос детальных данных для 133453488 из ESI...
20:32:30 | INFO     | ⚙️ Проверка фильтров 133453488 для 1 каналов...
20:32:30 | INFO     | 🎯 [ID: 133453488] Совпадение для канала 1463802595931062374! Тип: LOCATION_WATCH
20:32:32 | INFO     | Generated image (1048x500): killmail_images/kill_133453488.png
20:32:34 | INFO     | Notification sent to channel 1463802595931062374
20:32:34 | INFO     | ✅ Уведомление отправлено в канал 1463802595931062374
20:32:34 | INFO     | ✅ KillID 133453488 обработан. Совпадений: 1
20:33:20 | INFO     | 🛑 Получен сигнал 2. Инициирую остановку...
20:33:20 | INFO     | 🛑 Получен сигнал остановки. Завершаю работу воркеров...
20:33:20 | INFO     | ⏳ Остановка воркеров...
20:33:20 | INFO     | 🛑 Processor получил сигнал остановки
20:33:20 | INFO     | 🛑 Listener получил сигнал остановки
20:33:20 | INFO     | ♻️ Очередь очищена
20:33:20 | INFO     | 👋 Завершение работы системы мониторинга
20:33:20 | INFO     | 🔌 Закрытие соединений...
20:33:20 | INFO     | 👋 EVE KillBot остановлен. o7
20:33:26 | WARNING  | PyNaCl is not installed, voice will NOT be supported
20:33:26 | INFO     | Starting EVE KillBot...
20:33:26 | INFO     | --- MONITORING SYSTEM STARTING ---
20:33:30 | INFO     | Discord bot ready
20:33:30 | INFO     | Config: 23 filters, 1 channels
20:33:30 | INFO     | Starting workers for 1 channels
20:33:30 | INFO     | 🔗 Подключение к WebSocket zKillboard...
20:33:30 | INFO     | ⚙️ Многоканальный обработчик событий запущен...
20:33:30 | INFO     | 🔥 [PROCESSOR] СЕССИЯ ОТКРЫТА, НАЧИНАЮ ОБРАБОТКУ...
20:33:30 | INFO     | ✅ Успешное подключение к zKillboard WebSocket
20:33:30 | INFO     | 📡 Подготовка подписок на 23 каналов...
20:33:31 | INFO     | ✅ Подписка на killstream установлена
20:33:33 | INFO     | ✅ Все подписки (23) отправлены zKillboard
20:33:55 | INFO     | 📡 [LISTENER] Получен KillID: 133453558. Добавляю в очередь...
20:33:55 | INFO     | 📥 [PROCESSOR] Начинаю обработку KillID: 133453558
20:33:55 | INFO     | 🔍 Запрос хэша для 133453558 у zKillboard...
20:33:55 | INFO     | ✅ [LISTENER] KillID 133453558 добавлен. Размер очереди: 0
20:33:55 | INFO     | 📡 [LISTENER] Получен KillID: 133453501. Добавляю в очередь...
20:33:55 | INFO     | ✅ [LISTENER] KillID 133453501 добавлен. Размер очереди: 1
20:33:55 | INFO     | 📡 [LISTENER] Получен KillID: 133453449. Добавляю в очередь...
20:33:55 | INFO     | ✅ [LISTENER] KillID 133453449 добавлен. Размер очереди: 2
20:33:56 | INFO     | 🌐 Запрос детальных данных для 133453558 из ESI...
20:33:56 | INFO     | ⚙️ Проверка фильтров 133453558 для 1 каналов...
20:33:56 | INFO     | 📥 [PROCESSOR] Начинаю обработку KillID: 133453501
20:33:56 | INFO     | 🔍 Запрос хэша для 133453501 у zKillboard...
20:33:56 | INFO     | 🌐 Запрос детальных данных для 133453501 из ESI...
20:33:56 | INFO     | ⚙️ Проверка фильтров 133453501 для 1 каналов...
20:33:56 | INFO     | 📥 [PROCESSOR] Начинаю обработку KillID: 133453449
20:33:56 | INFO     | 🔍 Запрос хэша для 133453449 у zKillboard...
20:33:57 | INFO     | 🌐 Запрос детальных данных для 133453449 из ESI...
20:33:57 | INFO     | ⚙️ Проверка фильтров 133453449 для 1 каналов...
20:35:58 | INFO     | Stopping workers...
20:35:58 | INFO     | 🛑 Processor получил сигнал остановки
20:35:58 | INFO     | 🛑 Listener получил сигнал остановки
20:35:58 | INFO     | Monitoring system stopped
20:35:58 | INFO     | EVE KillBot stopped. o7
20:35:58 | ERROR    | Unclosed client session
client_session: <aiohttp.client.ClientSession object at 0x7a62225ea290>
20:36:05 | WARNING  | PyNaCl is not installed, voice will NOT be supported
20:36:05 | INFO     | Starting EVE KillBot...
20:36:05 | INFO     | --- MONITORING SYSTEM STARTING ---
20:36:09 | INFO     | Discord bot ready
20:36:09 | INFO     | Config: 23 filters, 1 channels
20:36:09 | INFO     | Starting workers for 1 channels
20:36:09 | INFO     | 🔗 Подключение к WebSocket zKillboard...
20:36:09 | INFO     | ⚙️ Многоканальный обработчик событий запущен...
20:36:09 | INFO     | 🔥 [PROCESSOR] СЕССИЯ ОТКРЫТА, НАЧИНАЮ ОБРАБОТКУ...
20:36:10 | INFO     | ✅ Успешное подключение к zKillboard WebSocket
20:36:10 | INFO     | 📡 Подготовка подписок на 23 каналов...
20:36:10 | INFO     | ✅ Подписка на killstream установлена
20:36:13 | INFO     | ✅ Все подписки (23) отправлены zKillboard
20:37:04 | INFO     | 📡 [LISTENER] Получен KillID: 133453533. Добавляю в очередь...
20:37:04 | INFO     | 📥 [PROCESSOR] Начинаю обработку KillID: 133453533
20:37:04 | INFO     | 🔍 Запрос хэша для 133453533 у zKillboard...
20:37:04 | INFO     | ✅ [LISTENER] KillID 133453533 добавлен. Размер очереди: 0
20:37:04 | INFO     | 🌐 Запрос детальных данных для 133453533 из ESI...
20:37:04 | INFO     | ⚙️ Проверка фильтров 133453533 для 1 каналов...
20:37:04 | INFO     | 🎯 [ID: 133453533] Совпадение для канала 1463802595931062374! Тип: LOCATION_WATCH
20:37:07 | INFO     | Generated image (999x500): killmail_images/kill_133453533.png
20:37:08 | INFO     | Kill notification sent to 1463802595931062374
20:37:08 | INFO     | ✅ Уведомление отправлено в канал 1463802595931062374
20:37:08 | INFO     | ✅ KillID 133453533 обработан. Совпадений: 1
20:39:01 | INFO     | 📡 [LISTENER] Получен KillID: 133453614. Добавляю в очередь...
20:39:01 | INFO     | 📥 [PROCESSOR] Начинаю обработку KillID: 133453614
20:39:01 | INFO     | 🔍 Запрос хэша для 133453614 у zKillboard...
20:39:01 | INFO     | ✅ [LISTENER] KillID 133453614 добавлен. Размер очереди: 0
20:39:02 | INFO     | 🌐 Запрос детальных данных для 133453614 из ESI...
20:39:02 | INFO     | ⚙️ Проверка фильтров 133453614 для 1 каналов...
20:39:25 | INFO     | Stopping workers...
20:39:25 | INFO     | 🛑 Processor получил сигнал остановки
20:39:26 | INFO     | 🛑 Listener получил сигнал остановки
20:39:26 | INFO     | Monitoring system stopped
20:39:26 | INFO     | EVE KillBot stopped. o7
20:39:26 | ERROR    | Unclosed client session
client_session: <aiohttp.client.ClientSession object at 0x7df60e1ea7d0>
20:39:28 | WARNING  | PyNaCl is not installed, voice will NOT be supported
20:39:28 | INFO     | Starting EVE KillBot...
20:39:28 | INFO     | --- MONITORING SYSTEM STARTING ---
20:39:32 | INFO     | Discord bot ready
20:39:32 | INFO     | Config: 23 filters, 1 channels
20:39:32 | INFO     | Starting workers for 1 channels
20:39:32 | INFO     | 🔗 Подключение к WebSocket zKillboard...
20:39:32 | INFO     | ⚙️ Многоканальный обработчик событий запущен...
20:39:32 | INFO     | 🔥 [PROCESSOR] СЕССИЯ ОТКРЫТА, НАЧИНАЮ ОБРАБОТКУ...
20:39:32 | INFO     | ✅ Успешное подключение к zKillboard WebSocket
20:39:32 | INFO     | 📡 Подготовка подписок на 23 каналов...
20:39:33 | INFO     | ✅ Подписка на killstream установлена
20:39:35 | INFO     | ✅ Все подписки (23) отправлены zKillboard
20:39:46 | INFO     | 📡 [LISTENER] Получен KillID: 133453092. Добавляю в очередь...
20:39:46 | INFO     | 📥 [PROCESSOR] Начинаю обработку KillID: 133453092
20:39:46 | INFO     | 🔍 Запрос хэша для 133453092 у zKillboard...
20:39:46 | INFO     | ✅ [LISTENER] KillID 133453092 добавлен. Размер очереди: 0
20:39:46 | INFO     | 🌐 Запрос детальных данных для 133453092 из ESI...
20:39:47 | INFO     | ⚙️ Проверка фильтров 133453092 для 1 каналов...
20:39:47 | INFO     | 🎯 [ID: 133453092] Совпадение для канала 1463802595931062374! Тип: PRIORITY_TARGET
20:39:47 | INFO     | Generated image (1120x500): killmail_images/kill_133453092.png
20:39:49 | INFO     | Kill notification sent to 1463802595931062374
20:39:49 | INFO     | ✅ Уведомление отправлено в канал 1463802595931062374
20:39:49 | INFO     | ✅ KillID 133453092 обработан. Совпадений: 1
20:42:03 | INFO     | 📡 [LISTENER] Получен KillID: 133453693. Добавляю в очередь...
20:42:03 | INFO     | 📥 [PROCESSOR] Начинаю обработку KillID: 133453693
20:42:03 | INFO     | 🔍 Запрос хэша для 133453693 у zKillboard...
20:42:03 | INFO     | ✅ [LISTENER] KillID 133453693 добавлен. Размер очереди: 0
20:42:04 | INFO     | 🌐 Запрос детальных данных для 133453693 из ESI...
20:42:04 | INFO     | ⚙️ Проверка фильтров 133453693 для 1 каналов...
20:42:04 | INFO     | 🎯 [ID: 133453693] Совпадение для канала 1463802595931062374! Тип: LOCATION_WATCH
20:42:06 | INFO     | Generated image (966x500): killmail_images/kill_133453693.png
20:42:07 | INFO     | Kill notification sent to 1463802595931062374
20:42:07 | INFO     | ✅ Уведомление отправлено в канал 1463802595931062374
20:42:07 | INFO     | ✅ KillID 133453693 обработан. Совпадений: 1
20:42:10 | INFO     | 📡 [LISTENER] Получен KillID: 133453673. Добавляю в очередь...
20:42:10 | INFO     | 📥 [PROCESSOR] Начинаю обработку KillID: 133453673
20:42:10 | INFO     | 🔍 Запрос хэша для 133453673 у zKillboard...
20:42:10 | INFO     | ✅ [LISTENER] KillID 133453673 добавлен. Размер очереди: 0
20:42:10 | INFO     | 📡 [LISTENER] Получен KillID: 133453673. Добавляю в очередь...
20:42:10 | INFO     | ✅ [LISTENER] KillID 133453673 добавлен. Размер очереди: 1
20:42:10 | INFO     | 🌐 Запрос детальных данных для 133453673 из ESI...
20:42:10 | INFO     | ⚙️ Проверка фильтров 133453673 для 1 каналов...
20:42:10 | INFO     | 🎯 [ID: 133453673] Совпадение для канала 1463802595931062374! Тип: LOCATION_WATCH
20:42:10 | INFO     | Generated image (1075x500): killmail_images/kill_133453673.png
20:42:11 | INFO     | Kill notification sent to 1463802595931062374
20:42:11 | INFO     | ✅ Уведомление отправлено в канал 1463802595931062374
20:42:11 | INFO     | ✅ KillID 133453673 обработан. Совпадений: 1
20:42:11 | INFO     | 📥 [PROCESSOR] Начинаю обработку KillID: 133453673
20:42:11 | INFO     | ⏭️ [PROCESSOR] Пропускаю дубликат KillID: 133453673
20:42:12 | ERROR    | Processor crashed: task_done() called too many times
20:42:12 | INFO     | Stopping workers...
20:42:12 | INFO     | 🛑 Listener получил сигнал остановки
20:42:14 | INFO     | Config: 23 filters, 1 channels
20:42:14 | INFO     | Starting workers for 1 channels
20:42:14 | INFO     | 🔗 Подключение к WebSocket zKillboard...
20:42:14 | INFO     | ⚙️ Многоканальный обработчик событий запущен...
20:42:14 | INFO     | 🔥 [PROCESSOR] СЕССИЯ ОТКРЫТА, НАЧИНАЮ ОБРАБОТКУ...
20:42:15 | INFO     | ✅ Успешное подключение к zKillboard WebSocket
20:42:15 | INFO     | 📡 Подготовка подписок на 23 каналов...
20:42:15 | INFO     | ✅ Подписка на killstream установлена
20:42:17 | INFO     | ✅ Все подписки (23) отправлены zKillboard
20:44:06 | INFO     | 📡 [LISTENER] Получен KillID: 133453724. Добавляю в очередь...
20:44:06 | INFO     | 📥 [PROCESSOR] Начинаю обработку KillID: 133453724
20:44:06 | INFO     | 🔍 Запрос хэша для 133453724 у zKillboard...
20:44:06 | INFO     | ✅ [LISTENER] KillID 133453724 добавлен. Размер очереди: 0
20:44:06 | INFO     | 📡 [LISTENER] Получен KillID: 133453660. Добавляю в очередь...
20:44:06 | INFO     | ✅ [LISTENER] KillID 133453660 добавлен. Размер очереди: 1
20:44:06 | INFO     | 🌐 Запрос детальных данных для 133453724 из ESI...
20:44:06 | INFO     | ⚙️ Проверка фильтров 133453724 для 1 каналов...
20:44:06 | INFO     | 📥 [PROCESSOR] Начинаю обработку KillID: 133453660
20:44:06 | INFO     | 🔍 Запрос хэша для 133453660 у zKillboard...
20:44:06 | INFO     | 🌐 Запрос детальных данных для 133453660 из ESI...
20:44:07 | INFO     | ⚙️ Проверка фильтров 133453660 для 1 каналов...
20:47:46 | INFO     | 📡 [LISTENER] Получен KillID: 133453761. Добавляю в очередь...
20:47:46 | INFO     | 📥 [PROCESSOR] Начинаю обработку KillID: 133453761
20:47:46 | INFO     | 🔍 Запрос хэша для 133453761 у zKillboard...
20:47:46 | INFO     | ✅ [LISTENER] KillID 133453761 добавлен. Размер очереди: 0
20:47:46 | INFO     | 🌐 Запрос детальных данных для 133453761 из ESI...
20:47:47 | INFO     | ⚙️ Проверка фильтров 133453761 для 1 каналов...
20:47:47 | INFO     | 🎯 [ID: 133453761] Совпадение для канала 1463802595931062374! Тип: LOCATION_WATCH
20:47:49 | INFO     | Generated image (993x500): killmail_images/kill_133453761.png
20:47:51 | INFO     | Kill notification sent to 1463802595931062374
20:47:51 | INFO     | ✅ Уведомление отправлено в канал 1463802595931062374
20:47:51 | INFO     | ✅ KillID 133453761 обработан. Совпадений: 1
20:49:12 | INFO     | 📡 [LISTENER] Получен KillID: 133453765. Добавляю в очередь...
20:49:12 | INFO     | 📥 [PROCESSOR] Начинаю обработку KillID: 133453765
20:49:12 | INFO     | 🔍 Запрос хэша для 133453765 у zKillboard...
20:49:12 | INFO     | ✅ [LISTENER] KillID 133453765 добавлен. Размер очереди: 0
20:49:12 | INFO     | 🌐 Запрос детальных данных для 133453765 из ESI...
20:49:13 | INFO     | ⚙️ Проверка фильтров 133453765 для 1 каналов...
20:59:26 | INFO     | 📡 [LISTENER] Получен KillID: 133453948. Добавляю в очередь...
20:59:26 | INFO     | 📥 [PROCESSOR] Начинаю обработку KillID: 133453948
20:59:26 | INFO     | 🔍 Запрос хэша для 133453948 у zKillboard...
20:59:26 | INFO     | ✅ [LISTENER] KillID 133453948 добавлен. Размер очереди: 0
20:59:26 | INFO     | 📡 [LISTENER] Получен KillID: 133453927. Добавляю в очередь...
20:59:26 | INFO     | ✅ [LISTENER] KillID 133453927 добавлен. Размер очереди: 1
20:59:26 | INFO     | 🌐 Запрос детальных данных для 133453948 из ESI...
20:59:27 | INFO     | ⚙️ Проверка фильтров 133453948 для 1 каналов...
20:59:27 | INFO     | 🎯 [ID: 133453948] Совпадение для канала 1463802595931062374! Тип: PRIORITY_TARGET
20:59:28 | INFO     | Generated image (997x500): killmail_images/kill_133453948.png
20:59:29 | INFO     | Kill notification sent to 1463802595931062374
20:59:29 | INFO     | ✅ Уведомление отправлено в канал 1463802595931062374
20:59:29 | INFO     | ✅ KillID 133453948 обработан. Совпадений: 1
20:59:29 | INFO     | 📥 [PROCESSOR] Начинаю обработку KillID: 133453927
20:59:29 | INFO     | 🔍 Запрос хэша для 133453927 у zKillboard...
20:59:30 | INFO     | 🌐 Запрос детальных данных для 133453927 из ESI...
20:59:30 | INFO     | ⚙️ Проверка фильтров 133453927 для 1 каналов...
20:59:30 | INFO     | 🎯 [ID: 133453927] Совпадение для канала 1463802595931062374! Тип: LOCATION_WATCH
20:59:30 | INFO     | Generated image (997x500): killmail_images/kill_133453927.png
20:59:31 | INFO     | Kill notification sent to 1463802595931062374
20:59:31 | INFO     | ✅ Уведомление отправлено в канал 1463802595931062374
20:59:31 | INFO     | ✅ KillID 133453927 обработан. Совпадений: 1
21:03:04 | INFO     | 📡 [LISTENER] Получен KillID: 133453974. Добавляю в очередь...
21:03:04 | INFO     | 📥 [PROCESSOR] Начинаю обработку KillID: 133453974
21:03:04 | INFO     | 🔍 Запрос хэша для 133453974 у zKillboard...
21:03:04 | INFO     | ✅ [LISTENER] KillID 133453974 добавлен. Размер очереди: 0
21:03:04 | INFO     | 📡 [LISTENER] Получен KillID: 133453974. Добавляю в очередь...
21:03:04 | INFO     | ✅ [LISTENER] KillID 133453974 добавлен. Размер очереди: 1
21:03:04 | INFO     | 🌐 Запрос детальных данных для 133453974 из ESI...
21:03:05 | INFO     | ⚙️ Проверка фильтров 133453974 для 1 каналов...
21:03:05 | INFO     | 🎯 [ID: 133453974] Совпадение для канала 1463802595931062374! Тип: PRIORITY_TARGET
21:03:06 | INFO     | Generated image (1049x500): killmail_images/kill_133453974.png
21:03:08 | INFO     | Kill notification sent to 1463802595931062374
21:03:08 | INFO     | ✅ Уведомление отправлено в канал 1463802595931062374
21:03:08 | INFO     | ✅ KillID 133453974 обработан. Совпадений: 1
21:03:08 | INFO     | 📥 [PROCESSOR] Начинаю обработку KillID: 133453974
21:03:08 | INFO     | ⏭️ [PROCESSOR] Пропускаю дубликат KillID: 133453974
21:03:09 | ERROR    | Processor crashed: task_done() called too many times
21:03:09 | INFO     | Stopping workers...
21:03:10 | INFO     | 🛑 Listener получил сигнал остановки
21:03:12 | INFO     | Config: 23 filters, 1 channels
21:03:12 | INFO     | Starting workers for 1 channels
21:03:12 | INFO     | 🔗 Подключение к WebSocket zKillboard...
21:03:12 | INFO     | ⚙️ Многоканальный обработчик событий запущен...
21:03:12 | INFO     | 🔥 [PROCESSOR] СЕССИЯ ОТКРЫТА, НАЧИНАЮ ОБРАБОТКУ...
21:03:12 | INFO     | ✅ Успешное подключение к zKillboard WebSocket
21:03:12 | INFO     | 📡 Подготовка подписок на 23 каналов...
21:03:13 | INFO     | ✅ Подписка на killstream установлена
21:03:15 | INFO     | ✅ Все подписки (23) отправлены zKillboard
21:11:14 | INFO     | Stopping workers...
21:11:14 | INFO     | 🛑 Processor получил сигнал остановки
21:11:14 | INFO     | 🛑 Listener получил сигнал остановки
21:11:14 | INFO     | Monitoring system stopped
21:11:14 | INFO     | EVE KillBot stopped. o7
21:11:14 | ERROR    | Unclosed client session
client_session: <aiohttp.client.ClientSession object at 0x702e558f27d0>
21:11:16 | WARNING  | PyNaCl is not installed, voice will NOT be supported
21:11:16 | INFO     | Starting EVE KillBot...
21:11:16 | INFO     | --- MONITORING SYSTEM STARTING ---
21:11:20 | INFO     | Discord bot ready
21:11:20 | INFO     | Config: 23 filters, 1 channels
21:11:20 | INFO     | Starting workers for 1 channels
21:11:20 | INFO     | 🔗 Подключение к WebSocket zKillboard...
21:11:20 | INFO     | ⚙️ Многоканальный обработчик событий запущен...
21:11:20 | INFO     | 🔥 [PROCESSOR] СЕССИЯ ОТКРЫТА, НАЧИНАЮ ОБРАБОТКУ...
21:11:21 | INFO     | ✅ Успешное подключение к zKillboard WebSocket
21:11:21 | INFO     | 📡 Подготовка подписок на 23 каналов...
21:11:21 | INFO     | ✅ Подписка на killstream установлена
21:11:24 | INFO     | ✅ Все подписки (23) отправлены zKillboard
21:12:57 | ERROR    | Ignoring exception in command None
discord.ext.commands.errors.CommandNotFound: Command "stats" is not found
21:13:24 | ERROR    | Ignoring exception in command None
discord.ext.commands.errors.CommandNotFound: Command "export" is not found
21:17:04 | INFO     | Stopping workers...
21:17:04 | INFO     | 🛑 Processor получил сигнал остановки
21:17:05 | INFO     | 🛑 Listener получил сигнал остановки
21:17:05 | INFO     | Monitoring system stopped
21:17:05 | INFO     | EVE KillBot stopped. o7
21:17:05 | ERROR    | Unclosed client session
client_session: <aiohttp.client.ClientSession object at 0x7f14c03a27d0>
21:17:07 | WARNING  | PyNaCl is not installed, voice will NOT be supported
21:17:07 | INFO     | Starting EVE KillBot...
21:17:07 | INFO     | --- MONITORING SYSTEM STARTING ---
21:17:11 | INFO     | Discord bot ready
21:17:11 | INFO     | Config: 23 filters, 1 channels
21:17:11 | INFO     | Starting workers for 1 channels
21:17:11 | INFO     | 🔗 Подключение к WebSocket zKillboard...
21:17:11 | INFO     | ⚙️ Многоканальный обработчик событий запущен...
21:17:11 | INFO     | 🔥 [PROCESSOR] СЕССИЯ ОТКРЫТА, НАЧИНАЮ ОБРАБОТКУ...
21:17:12 | INFO     | ✅ Успешное подключение к zKillboard WebSocket
21:17:12 | INFO     | 📡 Подготовка подписок на 23 каналов...
21:17:12 | INFO     | ✅ Подписка на killstream установлена
21:17:14 | INFO     | ✅ Все подписки (23) отправлены zKillboard
21:17:31 | INFO     | 📡 [LISTENER] Получен KillID: 133454329. Добавляю в очередь...
21:17:31 | INFO     | 📥 [PROCESSOR] Начинаю обработку KillID: 133454329
21:17:31 | INFO     | 🔍 Запрос хэша для 133454329 у zKillboard...
21:17:31 | INFO     | ✅ [LISTENER] KillID 133454329 добавлен. Размер очереди: 0
21:17:31 | INFO     | 🌐 Запрос детальных данных для 133454329 из ESI...
21:17:32 | INFO     | ⚙️ Проверка фильтров 133454329 для 1 каналов...
21:17:32 | INFO     | 🎯 [ID: 133454329] Совпадение для канала 1463802595931062374! Тип: LOCATION_WATCH
21:17:34 | INFO     | Generated image (1035x500): killmail_images/kill_133454329.png
21:17:35 | INFO     | Kill notification sent to 1463802595931062374
21:17:35 | INFO     | ✅ Уведомление отправлено в канал 1463802595931062374
21:17:35 | INFO     | ✅ KillID 133454329 обработан. Совпадений: 1
21:17:41 | INFO     | 📡 [LISTENER] Получен KillID: 133454332. Добавляю в очередь...
21:17:41 | INFO     | 📥 [PROCESSOR] Начинаю обработку KillID: 133454332
21:17:41 | INFO     | 🔍 Запрос хэша для 133454332 у zKillboard...
21:17:41 | INFO     | ✅ [LISTENER] KillID 133454332 добавлен. Размер очереди: 0
21:17:41 | INFO     | 🌐 Запрос детальных данных для 133454332 из ESI...
21:17:42 | INFO     | ⚙️ Проверка фильтров 133454332 для 1 каналов...
21:17:42 | INFO     | 🎯 [ID: 133454332] Совпадение для канала 1463802595931062374! Тип: LOCATION_WATCH
21:17:42 | INFO     | Generated image (1040x500): killmail_images/kill_133454332.png
21:17:44 | INFO     | Kill notification sent to 1463802595931062374
21:17:44 | INFO     | ✅ Уведомление отправлено в канал 1463802595931062374
21:17:44 | INFO     | ✅ KillID 133454332 обработан. Совпадений: 1
21:18:53 | INFO     | Stopping workers...
21:18:53 | INFO     | 🛑 Processor получил сигнал остановки
21:18:53 | INFO     | 🛑 Listener получил сигнал остановки
21:18:53 | INFO     | Monitoring system stopped
21:18:53 | INFO     | EVE KillBot stopped. o7
21:18:53 | ERROR    | Unclosed client session
client_session: <aiohttp.client.ClientSession object at 0x7f27777ea290>
21:18:56 | WARNING  | PyNaCl is not installed, voice will NOT be supported
21:18:56 | INFO     | Starting EVE KillBot...
21:18:56 | INFO     | --- MONITORING SYSTEM STARTING ---
21:19:00 | INFO     | Discord bot ready
21:19:00 | INFO     | Config: 23 filters, 1 channels
21:19:00 | INFO     | Starting workers for 1 channels
21:19:00 | INFO     | 🔗 Подключение к WebSocket zKillboard...
21:19:00 | INFO     | ⚙️ Многоканальный обработчик событий запущен...
21:19:00 | INFO     | 🔥 [PROCESSOR] СЕССИЯ ОТКРЫТА, НАЧИНАЮ ОБРАБОТКУ...
21:19:00 | INFO     | ✅ Успешное подключение к zKillboard WebSocket
21:19:00 | INFO     | 📡 Подготовка подписок на 23 каналов...
21:19:01 | INFO     | ✅ Подписка на killstream установлена
21:19:03 | INFO     | ✅ Все подписки (23) отправлены zKillboard
21:19:18 | INFO     | Stopping workers...
21:19:18 | INFO     | 🛑 Processor получил сигнал остановки
21:19:18 | INFO     | 🛑 Listener получил сигнал остановки
21:19:18 | INFO     | Monitoring system stopped
21:19:18 | INFO     | EVE KillBot stopped. o7
21:19:18 | ERROR    | Unclosed client session
client_session: <aiohttp.client.ClientSession object at 0x7247ea6ee7d0>
21:21:50 | WARNING  | PyNaCl is not installed, voice will NOT be supported
21:21:50 | INFO     | Starting EVE KillBot...
21:21:50 | INFO     | --- MONITORING SYSTEM STARTING ---
21:21:54 | INFO     | Discord bot ready
21:21:54 | INFO     | Config: 23 filters, 1 channels
21:21:54 | INFO     | Starting workers for 1 channels
21:21:54 | INFO     | 🔗 Подключение к WebSocket zKillboard...
21:21:54 | INFO     | ⚙️ Многоканальный обработчик событий запущен...
21:21:54 | INFO     | 🔥 [PROCESSOR] СЕССИЯ ОТКРЫТА, НАЧИНАЮ ОБРАБОТКУ...
21:21:55 | INFO     | ✅ Успешное подключение к zKillboard WebSocket
21:21:55 | INFO     | 📡 Подготовка подписок на 23 каналов...
21:21:55 | INFO     | ✅ Подписка на killstream установлена
21:21:57 | INFO     | ✅ Все подписки (23) отправлены zKillboard
21:23:45 | INFO     | 📡 [LISTENER] Получен KillID: 133454478. Добавляю в очередь...
21:23:45 | INFO     | 📥 [PROCESSOR] Начинаю обработку KillID: 133454478
21:23:45 | INFO     | 🔍 Запрос хэша для 133454478 у zKillboard...
21:23:45 | INFO     | ✅ [LISTENER] KillID 133454478 добавлен. Размер очереди: 0
21:23:45 | INFO     | 🌐 Запрос детальных данных для 133454478 из ESI...
21:23:46 | INFO     | ⚙️ Проверка фильтров 133454478 для 1 каналов...
21:23:46 | INFO     | 🎯 [ID: 133454478] Совпадение для канала 1463802595931062374! Тип: PRIORITY_TARGET
21:23:47 | INFO     | Generated image (967x500): killmail_images/kill_133454478.png
21:23:48 | INFO     | Kill notification sent to 1463802595931062374
21:23:48 | INFO     | ✅ Уведомление отправлено в канал 1463802595931062374
21:23:48 | INFO     | ✅ KillID 133454478 обработан. Совпадений: 1
21:24:27 | INFO     | 📡 [LISTENER] Получен KillID: 133454445. Добавляю в очередь...
21:24:27 | INFO     | 📥 [PROCESSOR] Начинаю обработку KillID: 133454445
21:24:27 | INFO     | 🔍 Запрос хэша для 133454445 у zKillboard...
21:24:27 | INFO     | ✅ [LISTENER] KillID 133454445 добавлен. Размер очереди: 0
21:24:27 | INFO     | 📡 [LISTENER] Получен KillID: 133454420. Добавляю в очередь...
21:24:27 | INFO     | ✅ [LISTENER] KillID 133454420 добавлен. Размер очереди: 1
21:24:28 | INFO     | 🌐 Запрос детальных данных для 133454445 из ESI...
21:24:28 | INFO     | ⚙️ Проверка фильтров 133454445 для 1 каналов...
21:24:28 | INFO     | 🎯 [ID: 133454445] Совпадение для канала 1463802595931062374! Тип: PRIORITY_TARGET
21:24:29 | INFO     | Generated image (900x500): killmail_images/kill_133454445.png
21:24:30 | INFO     | Kill notification sent to 1463802595931062374
21:24:30 | INFO     | ✅ Уведомление отправлено в канал 1463802595931062374
21:24:30 | INFO     | ✅ KillID 133454445 обработан. Совпадений: 1
21:24:30 | INFO     | 📥 [PROCESSOR] Начинаю обработку KillID: 133454420
21:24:30 | INFO     | 🔍 Запрос хэша для 133454420 у zKillboard...
21:24:31 | INFO     | 🌐 Запрос детальных данных для 133454420 из ESI...
21:24:31 | INFO     | ⚙️ Проверка фильтров 133454420 для 1 каналов...
21:24:31 | INFO     | 🎯 [ID: 133454420] Совпадение для канала 1463802595931062374! Тип: LOCATION_WATCH
21:24:32 | INFO     | Generated image (900x500): killmail_images/kill_133454420.png
21:24:33 | INFO     | Kill notification sent to 1463802595931062374
21:24:33 | INFO     | ✅ Уведомление отправлено в канал 1463802595931062374
21:24:33 | INFO     | ✅ KillID 133454420 обработан. Совпадений: 1
21:24:46 | INFO     | Stopping workers...
21:24:46 | INFO     | 🛑 Processor получил сигнал остановки
21:24:46 | INFO     | 🛑 Listener получил сигнал остановки
21:24:46 | INFO     | Monitoring system stopped
21:24:46 | INFO     | Closing connections...
21:24:47 | INFO     | EVE KillBot stopped. o7
21:28:25 | WARNING  | PyNaCl is not installed, voice will NOT be supported
21:28:25 | INFO     | Starting EVE KillBot...
21:28:25 | INFO     | --- MONITORING SYSTEM STARTING ---
21:28:29 | INFO     | Discord bot ready
21:28:29 | INFO     | Config: 23 filters, 1 channels
21:28:29 | INFO     | Starting workers for 1 channels
21:28:29 | INFO     | 🔗 Подключение к WebSocket zKillboard...
21:28:29 | INFO     | ⚙️ Многоканальный обработчик событий запущен...
21:28:29 | INFO     | 🔥 [PROCESSOR] СЕССИЯ ОТКРЫТА, НАЧИНАЮ ОБРАБОТКУ...
21:28:30 | INFO     | ✅ Успешное подключение к zKillboard WebSocket
21:28:30 | INFO     | 📡 Подготовка подписок на 23 каналов...
21:28:30 | INFO     | ✅ Подписка на killstream установлена
21:28:32 | INFO     | ✅ Все подписки (23) отправлены zKillboard
21:29:54 | INFO     | 📡 [LISTENER] Получен KillID: 133454553. Добавляю в очередь...
21:29:54 | INFO     | 📥 [PROCESSOR] Начинаю обработку KillID: 133454553
21:29:54 | INFO     | 🔍 Запрос хэша для 133454553 у zKillboard...
21:29:54 | INFO     | ✅ [LISTENER] KillID 133454553 добавлен. Размер очереди: 0
21:29:55 | INFO     | 🌐 Запрос детальных данных для 133454553 из ESI...
21:29:55 | INFO     | ⚙️ Проверка фильтров 133454553 для 1 каналов...
21:30:23 | INFO     | 📡 [LISTENER] Получен KillID: 133454333. Добавляю в очередь...
21:30:23 | INFO     | 📥 [PROCESSOR] Начинаю обработку KillID: 133454333
21:30:23 | INFO     | 🔍 Запрос хэша для 133454333 у zKillboard...
21:30:23 | INFO     | ✅ [LISTENER] KillID 133454333 добавлен. Размер очереди: 0
21:30:24 | INFO     | 🌐 Запрос детальных данных для 133454333 из ESI...
21:30:24 | INFO     | ⚙️ Проверка фильтров 133454333 для 1 каналов...
21:30:24 | INFO     | 🎯 [ID: 133454333] Совпадение для канала 1463802595931062374! Тип: LOCATION_WATCH
21:30:25 | INFO     | Generated image (980x500): killmail_images/kill_133454333.png
21:30:25 | INFO     | 📡 [LISTENER] Получен KillID: 133454531. Добавляю в очередь...
21:30:25 | INFO     | ✅ [LISTENER] KillID 133454531 добавлен. Размер очереди: 1
21:30:26 | INFO     | Kill notification sent to 1463802595931062374
21:30:26 | INFO     | ✅ Уведомление отправлено в канал 1463802595931062374
21:30:26 | INFO     | ✅ KillID 133454333 обработан. Совпадений: 1
21:30:26 | INFO     | 📥 [PROCESSOR] Начинаю обработку KillID: 133454531
21:30:26 | INFO     | 🔍 Запрос хэша для 133454531 у zKillboard...
21:30:26 | INFO     | 🌐 Запрос детальных данных для 133454531 из ESI...
21:30:27 | INFO     | ⚙️ Проверка фильтров 133454531 для 1 каналов...
21:30:27 | INFO     | 🎯 [ID: 133454531] Совпадение для канала 1463802595931062374! Тип: LOCATION_WATCH
21:30:28 | INFO     | Generated image (943x500): killmail_images/kill_133454531.png
21:30:31 | INFO     | Kill notification sent to 1463802595931062374
21:30:31 | INFO     | ✅ Уведомление отправлено в канал 1463802595931062374
21:30:31 | INFO     | ✅ KillID 133454531 обработан. Совпадений: 1
21:30:53 | INFO     | 📡 [LISTENER] Получен KillID: 133454591. Добавляю в очередь...
21:30:53 | INFO     | 📥 [PROCESSOR] Начинаю обработку KillID: 133454591
21:30:53 | INFO     | 🔍 Запрос хэша для 133454591 у zKillboard...
21:30:53 | INFO     | ✅ [LISTENER] KillID 133454591 добавлен. Размер очереди: 0
21:30:53 | INFO     | 📡 [LISTENER] Получен KillID: 133454544. Добавляю в очередь...
21:30:53 | INFO     | ✅ [LISTENER] KillID 133454544 добавлен. Размер очереди: 1
21:30:53 | INFO     | 📡 [LISTENER] Получен KillID: 133454525. Добавляю в очередь...
21:30:53 | INFO     | ✅ [LISTENER] KillID 133454525 добавлен. Размер очереди: 2
21:30:53 | INFO     | 🌐 Запрос детальных данных для 133454591 из ESI...
21:30:53 | INFO     | ⚙️ Проверка фильтров 133454591 для 1 каналов...
21:30:53 | INFO     | 🎯 [ID: 133454591] Совпадение для канала 1463802595931062374! Тип: LOCATION_WATCH
21:30:55 | INFO     | Generated image (1081x500): killmail_images/kill_133454591.png
21:30:56 | INFO     | Kill notification sent to 1463802595931062374
21:30:56 | INFO     | ✅ Уведомление отправлено в канал 1463802595931062374
21:30:56 | INFO     | ✅ KillID 133454591 обработан. Совпадений: 1
21:30:56 | INFO     | 📥 [PROCESSOR] Начинаю обработку KillID: 133454544
21:30:56 | INFO     | 🔍 Запрос хэша для 133454544 у zKillboard...
21:30:56 | INFO     | 🌐 Запрос детальных данных для 133454544 из ESI...
21:30:56 | INFO     | ⚙️ Проверка фильтров 133454544 для 1 каналов...
21:30:56 | INFO     | 🎯 [ID: 133454544] Совпадение для канала 1463802595931062374! Тип: LOCATION_WATCH
21:30:57 | INFO     | Generated image (1015x500): killmail_images/kill_133454544.png
21:30:58 | INFO     | Kill notification sent to 1463802595931062374
21:30:58 | INFO     | ✅ Уведомление отправлено в канал 1463802595931062374
21:30:58 | INFO     | ✅ KillID 133454544 обработан. Совпадений: 1
21:30:58 | INFO     | 📥 [PROCESSOR] Начинаю обработку KillID: 133454525
21:30:58 | INFO     | 🔍 Запрос хэша для 133454525 у zKillboard...
21:30:58 | INFO     | 🌐 Запрос детальных данных для 133454525 из ESI...
21:30:58 | INFO     | ⚙️ Проверка фильтров 133454525 для 1 каналов...
21:30:58 | INFO     | 🎯 [ID: 133454525] Совпадение для канала 1463802595931062374! Тип: LOCATION_WATCH
21:30:59 | INFO     | Generated image (979x500): killmail_images/kill_133454525.png
21:31:02 | INFO     | Kill notification sent to 1463802595931062374
21:31:02 | INFO     | ✅ Уведомление отправлено в канал 1463802595931062374
21:31:02 | INFO     | ✅ KillID 133454525 обработан. Совпадений: 1
21:31:13 | INFO     | 📡 [LISTENER] Получен KillID: 133454552. Добавляю в очередь...
21:31:13 | INFO     | 📥 [PROCESSOR] Начинаю обработку KillID: 133454552
21:31:13 | INFO     | 🔍 Запрос хэша для 133454552 у zKillboard...
21:31:13 | INFO     | ✅ [LISTENER] KillID 133454552 добавлен. Размер очереди: 0
21:31:13 | INFO     | 📡 [LISTENER] Получен KillID: 133454439. Добавляю в очередь...
21:31:13 | INFO     | ✅ [LISTENER] KillID 133454439 добавлен. Размер очереди: 1
21:31:14 | INFO     | 📡 [LISTENER] Получен KillID: 133454331. Добавляю в очередь...
21:31:14 | INFO     | ✅ [LISTENER] KillID 133454331 добавлен. Размер очереди: 2
21:31:14 | INFO     | 🌐 Запрос детальных данных для 133454552 из ESI...
21:31:14 | INFO     | ⚙️ Проверка фильтров 133454552 для 1 каналов...
21:31:14 | INFO     | 📥 [PROCESSOR] Начинаю обработку KillID: 133454439
21:31:14 | INFO     | 🔍 Запрос хэша для 133454439 у zKillboard...
21:31:14 | INFO     | 🌐 Запрос детальных данных для 133454439 из ESI...
21:31:14 | INFO     | ⚙️ Проверка фильтров 133454439 для 1 каналов...
21:31:14 | INFO     | 📥 [PROCESSOR] Начинаю обработку KillID: 133454331
21:31:14 | INFO     | 🔍 Запрос хэша для 133454331 у zKillboard...
21:31:15 | INFO     | 🌐 Запрос детальных данных для 133454331 из ESI...
21:31:15 | INFO     | ⚙️ Проверка фильтров 133454331 для 1 каналов...
21:31:15 | INFO     | 🎯 [ID: 133454331] Совпадение для канала 1463802595931062374! Тип: LOCATION_WATCH
21:31:16 | INFO     | Generated image (1051x500): killmail_images/kill_133454331.png
21:31:17 | INFO     | Kill notification sent to 1463802595931062374
21:31:17 | INFO     | ✅ Уведомление отправлено в канал 1463802595931062374
21:31:17 | INFO     | ✅ KillID 133454331 обработан. Совпадений: 1
21:31:22 | INFO     | 📡 [LISTENER] Получен KillID: 133454558. Добавляю в очередь...
21:31:22 | INFO     | 📥 [PROCESSOR] Начинаю обработку KillID: 133454558
21:31:22 | INFO     | 🔍 Запрос хэша для 133454558 у zKillboard...
21:31:22 | INFO     | ✅ [LISTENER] KillID 133454558 добавлен. Размер очереди: 0
21:31:22 | INFO     | 📡 [LISTENER] Получен KillID: 133454435. Добавляю в очередь...
21:31:22 | INFO     | ✅ [LISTENER] KillID 133454435 добавлен. Размер очереди: 1
21:31:22 | INFO     | 📡 [LISTENER] Получен KillID: 133454334. Добавляю в очередь...
21:31:22 | INFO     | ✅ [LISTENER] KillID 133454334 добавлен. Размер очереди: 2
21:31:23 | INFO     | 🌐 Запрос детальных данных для 133454558 из ESI...
21:31:23 | INFO     | ⚙️ Проверка фильтров 133454558 для 1 каналов...
21:31:23 | INFO     | 📥 [PROCESSOR] Начинаю обработку KillID: 133454435
21:31:23 | INFO     | 🔍 Запрос хэша для 133454435 у zKillboard...
21:31:23 | INFO     | 🌐 Запрос детальных данных для 133454435 из ESI...
21:31:23 | INFO     | ⚙️ Проверка фильтров 133454435 для 1 каналов...
21:31:23 | INFO     | 📥 [PROCESSOR] Начинаю обработку KillID: 133454334
21:31:23 | INFO     | 🔍 Запрос хэша для 133454334 у zKillboard...
21:31:23 | INFO     | 🌐 Запрос детальных данных для 133454334 из ESI...
21:31:23 | INFO     | ⚙️ Проверка фильтров 133454334 для 1 каналов...
21:31:23 | INFO     | 🎯 [ID: 133454334] Совпадение для канала 1463802595931062374! Тип: LOCATION_WATCH
21:31:24 | INFO     | Generated image (900x500): killmail_images/kill_133454334.png
21:31:27 | INFO     | Kill notification sent to 1463802595931062374
21:31:27 | INFO     | ✅ Уведомление отправлено в канал 1463802595931062374
21:31:27 | INFO     | ✅ KillID 133454334 обработан. Совпадений: 1
21:32:32 | INFO     | 📡 [LISTENER] Получен KillID: 133454555. Добавляю в очередь...
21:32:32 | INFO     | 📥 [PROCESSOR] Начинаю обработку KillID: 133454555
21:32:32 | INFO     | 🔍 Запрос хэша для 133454555 у zKillboard...
21:32:32 | INFO     | ✅ [LISTENER] KillID 133454555 добавлен. Размер очереди: 0
21:32:32 | INFO     | 📡 [LISTENER] Получен KillID: 133454436. Добавляю в очередь...
21:32:32 | INFO     | ✅ [LISTENER] KillID 133454436 добавлен. Размер очереди: 1
21:32:32 | INFO     | 🌐 Запрос детальных данных для 133454555 из ESI...
21:32:32 | INFO     | ⚙️ Проверка фильтров 133454555 для 1 каналов...
21:32:32 | INFO     | 📥 [PROCESSOR] Начинаю обработку KillID: 133454436
21:32:32 | INFO     | 🔍 Запрос хэша для 133454436 у zKillboard...
21:32:32 | INFO     | 🌐 Запрос детальных данных для 133454436 из ESI...
21:32:33 | INFO     | ⚙️ Проверка фильтров 133454436 для 1 каналов...
21:33:03 | INFO     | 📡 [LISTENER] Получен KillID: 133454556. Добавляю в очередь...
21:33:03 | INFO     | 📥 [PROCESSOR] Начинаю обработку KillID: 133454556
21:33:03 | INFO     | 🔍 Запрос хэша для 133454556 у zKillboard...
21:33:03 | INFO     | ✅ [LISTENER] KillID 133454556 добавлен. Размер очереди: 0
21:33:03 | INFO     | 📡 [LISTENER] Получен KillID: 133454437. Добавляю в очередь...
21:33:03 | INFO     | ✅ [LISTENER] KillID 133454437 добавлен. Размер очереди: 1
21:33:03 | INFO     | 🌐 Запрос детальных данных для 133454556 из ESI...
21:33:04 | INFO     | ⚙️ Проверка фильтров 133454556 для 1 каналов...
21:33:04 | INFO     | 📥 [PROCESSOR] Начинаю обработку KillID: 133454437
21:33:04 | INFO     | 🔍 Запрос хэша для 133454437 у zKillboard...
21:33:04 | INFO     | 🌐 Запрос детальных данных для 133454437 из ESI...
21:33:04 | INFO     | ⚙️ Проверка фильтров 133454437 для 1 каналов...
21:35:59 | INFO     | 📡 [LISTENER] Получен KillID: 133454733. Добавляю в очередь...
21:35:59 | INFO     | 📥 [PROCESSOR] Начинаю обработку KillID: 133454733
21:35:59 | INFO     | 🔍 Запрос хэша для 133454733 у zKillboard...
21:35:59 | INFO     | ✅ [LISTENER] KillID 133454733 добавлен. Размер очереди: 0
21:35:59 | INFO     | 📡 [LISTENER] Получен KillID: 133454682. Добавляю в очередь...
21:35:59 | INFO     | ✅ [LISTENER] KillID 133454682 добавлен. Размер очереди: 1
21:36:00 | INFO     | 🌐 Запрос детальных данных для 133454733 из ESI...
21:36:00 | INFO     | ⚙️ Проверка фильтров 133454733 для 1 каналов...
21:36:00 | INFO     | 🎯 [ID: 133454733] Совпадение для канала 1463802595931062374! Тип: PRIORITY_TARGET
21:36:01 | INFO     | Generated image (967x500): killmail_images/kill_133454733.png
21:36:02 | INFO     | Kill notification sent to 1463802595931062374
21:36:02 | INFO     | ✅ Уведомление отправлено в канал 1463802595931062374
21:36:02 | INFO     | ✅ KillID 133454733 обработан. Совпадений: 1
21:36:02 | INFO     | 📥 [PROCESSOR] Начинаю обработку KillID: 133454682
21:36:02 | INFO     | 🔍 Запрос хэша для 133454682 у zKillboard...
21:36:02 | INFO     | 🌐 Запрос детальных данных для 133454682 из ESI...
21:36:03 | INFO     | ⚙️ Проверка фильтров 133454682 для 1 каналов...
21:36:03 | INFO     | 🎯 [ID: 133454682] Совпадение для канала 1463802595931062374! Тип: LOCATION_WATCH
21:36:03 | INFO     | Generated image (914x500): killmail_images/kill_133454682.png
21:36:04 | INFO     | Kill notification sent to 1463802595931062374
21:36:04 | INFO     | ✅ Уведомление отправлено в канал 1463802595931062374
21:36:04 | INFO     | ✅ KillID 133454682 обработан. Совпадений: 1
21:36:37 | INFO     | 📡 [LISTENER] Получен KillID: 133454746. Добавляю в очередь...
21:36:37 | INFO     | 📥 [PROCESSOR] Начинаю обработку KillID: 133454746
21:36:37 | INFO     | 🔍 Запрос хэша для 133454746 у zKillboard...
21:36:37 | INFO     | ✅ [LISTENER] KillID 133454746 добавлен. Размер очереди: 0
21:36:37 | INFO     | 📡 [LISTENER] Получен KillID: 133454746. Добавляю в очередь...
21:36:37 | INFO     | ✅ [LISTENER] KillID 133454746 добавлен. Размер очереди: 1
21:36:37 | INFO     | 🌐 Запрос детальных данных для 133454746 из ESI...
21:36:37 | INFO     | ⚙️ Проверка фильтров 133454746 для 1 каналов...
21:36:37 | INFO     | 📥 [PROCESSOR] Начинаю обработку KillID: 133454746
21:36:37 | INFO     | ⏭️ [PROCESSOR] Пропускаю дубликат KillID: 133454746
21:36:37 | ERROR    | Processor crashed: task_done() called too many times
21:36:37 | INFO     | Stopping workers...
21:36:38 | INFO     | 🛑 Listener получил сигнал остановки
21:36:40 | INFO     | Config: 23 filters, 1 channels
21:36:40 | INFO     | Starting workers for 1 channels
21:36:40 | INFO     | 🔗 Подключение к WebSocket zKillboard...
21:36:40 | INFO     | ⚙️ Многоканальный обработчик событий запущен...
21:36:40 | INFO     | 🔥 [PROCESSOR] СЕССИЯ ОТКРЫТА, НАЧИНАЮ ОБРАБОТКУ...
21:36:40 | INFO     | ✅ Успешное подключение к zKillboard WebSocket
21:36:40 | INFO     | 📡 Подготовка подписок на 23 каналов...
21:36:40 | INFO     | ✅ Подписка на killstream установлена
21:36:43 | INFO     | ✅ Все подписки (23) отправлены zKillboard
21:37:34 | INFO     | 📡 [LISTENER] Получен KillID: 133454705. Добавляю в очередь...
21:37:34 | INFO     | 📥 [PROCESSOR] Начинаю обработку KillID: 133454705
21:37:34 | INFO     | 🔍 Запрос хэша для 133454705 у zKillboard...
21:37:34 | INFO     | ✅ [LISTENER] KillID 133454705 добавлен. Размер очереди: 0
21:37:34 | INFO     | 📡 [LISTENER] Получен KillID: 133454705. Добавляю в очередь...
21:37:34 | INFO     | ✅ [LISTENER] KillID 133454705 добавлен. Размер очереди: 1
21:37:34 | INFO     | 📡 [LISTENER] Получен KillID: 133454704. Добавляю в очередь...
21:37:34 | INFO     | ✅ [LISTENER] KillID 133454704 добавлен. Размер очереди: 2
21:37:34 | INFO     | 📡 [LISTENER] Получен KillID: 133454704. Добавляю в очередь...
21:37:34 | INFO     | ✅ [LISTENER] KillID 133454704 добавлен. Размер очереди: 3
21:37:35 | INFO     | 🌐 Запрос детальных данных для 133454705 из ESI...
21:37:35 | INFO     | ⚙️ Проверка фильтров 133454705 для 1 каналов...
21:37:35 | INFO     | 🎯 [ID: 133454705] Совпадение для канала 1463802595931062374! Тип: LOCATION_WATCH
21:37:36 | INFO     | Generated image (993x500): killmail_images/kill_133454705.png
21:37:37 | INFO     | Kill notification sent to 1463802595931062374
21:37:37 | INFO     | ✅ Уведомление отправлено в канал 1463802595931062374
21:37:37 | INFO     | ✅ KillID 133454705 обработан. Совпадений: 1
21:37:37 | INFO     | 📥 [PROCESSOR] Начинаю обработку KillID: 133454705
21:37:37 | INFO     | ⏭️ [PROCESSOR] Пропускаю дубликат KillID: 133454705
21:37:37 | INFO     | 📥 [PROCESSOR] Начинаю обработку KillID: 133454704
21:37:37 | INFO     | 🔍 Запрос хэша для 133454704 у zKillboard...
21:37:38 | INFO     | 🌐 Запрос детальных данных для 133454704 из ESI...
21:37:38 | INFO     | ⚙️ Проверка фильтров 133454704 для 1 каналов...
21:37:38 | INFO     | 🎯 [ID: 133454704] Совпадение для канала 1463802595931062374! Тип: LOCATION_WATCH
21:37:38 | INFO     | Generated image (993x500): killmail_images/kill_133454704.png
21:37:39 | INFO     | Kill notification sent to 1463802595931062374
21:37:39 | INFO     | ✅ Уведомление отправлено в канал 1463802595931062374
21:37:39 | INFO     | ✅ KillID 133454704 обработан. Совпадений: 1
21:37:39 | INFO     | 📥 [PROCESSOR] Начинаю обработку KillID: 133454704
21:37:39 | INFO     | ⏭️ [PROCESSOR] Пропускаю дубликат KillID: 133454704
21:37:39 | ERROR    | 💥 Критическая ошибка в processor loop: task_done() called too many times
Traceback (most recent call last):
  File "/home/curvabober/projects/eve/eve-zkill-notifier/src/processor.py", line 99, in start_processor
    data_queue.task_done()
  File "/home/curvabober/miniconda3/envs/eve_bot/lib/python3.10/asyncio/queues.py", line 202, in task_done
    raise ValueError('task_done() called too many times')
ValueError: task_done() called too many times
21:37:40 | ERROR    | Processor crashed: task_done() called too many times
21:37:40 | INFO     | Stopping workers...
21:37:40 | INFO     | 🛑 Listener получил сигнал остановки
21:37:42 | INFO     | Config: 23 filters, 1 channels
21:37:42 | INFO     | Starting workers for 1 channels
21:37:42 | INFO     | 🔗 Подключение к WebSocket zKillboard...
21:37:42 | INFO     | ⚙️ Многоканальный обработчик событий запущен...
21:37:42 | INFO     | 🔥 [PROCESSOR] СЕССИЯ ОТКРЫТА, НАЧИНАЮ ОБРАБОТКУ...
21:37:42 | INFO     | ✅ Успешное подключение к zKillboard WebSocket
21:37:42 | INFO     | 📡 Подготовка подписок на 23 каналов...
21:37:43 | INFO     | ✅ Подписка на killstream установлена
21:37:45 | INFO     | ✅ Все подписки (23) отправлены zKillboard
21:38:29 | INFO     | 📡 [LISTENER] Получен KillID: 133454774. Добавляю в очередь...
21:38:29 | INFO     | 📥 [PROCESSOR] Начинаю обработку KillID: 133454774
21:38:29 | INFO     | 🔍 Запрос хэша для 133454774 у zKillboard...
21:38:29 | INFO     | ✅ [LISTENER] KillID 133454774 добавлен. Размер очереди: 0
21:38:29 | INFO     | 🌐 Запрос детальных данных для 133454774 из ESI...
21:38:29 | INFO     | ⚙️ Проверка фильтров 133454774 для 1 каналов...
21:38:29 | INFO     | 🎯 [ID: 133454774] Совпадение для канала 1463802595931062374! Тип: LOCATION_WATCH
21:38:31 | INFO     | Generated image (1130x500): killmail_images/kill_133454774.png
21:38:32 | INFO     | Kill notification sent to 1463802595931062374
21:38:32 | INFO     | ✅ Уведомление отправлено в канал 1463802595931062374
21:38:32 | INFO     | ✅ KillID 133454774 обработан. Совпадений: 1
21:41:03 | INFO     | 📡 [LISTENER] Получен KillID: 133454901. Добавляю в очередь...
21:41:03 | INFO     | 📥 [PROCESSOR] Начинаю обработку KillID: 133454901
21:41:03 | INFO     | 🔍 Запрос хэша для 133454901 у zKillboard...
21:41:03 | INFO     | ✅ [LISTENER] KillID 133454901 добавлен. Размер очереди: 0
21:41:03 | INFO     | 🌐 Запрос детальных данных для 133454901 из ESI...
21:41:04 | INFO     | ⚙️ Проверка фильтров 133454901 для 1 каналов...
21:41:04 | INFO     | 🎯 [ID: 133454901] Совпадение для канала 1463802595931062374! Тип: LOCATION_WATCH
21:41:05 | INFO     | Generated image (1074x500): killmail_images/kill_133454901.png
21:41:06 | INFO     | Kill notification sent to 1463802595931062374
21:41:06 | INFO     | ✅ Уведомление отправлено в канал 1463802595931062374
21:41:06 | INFO     | ✅ KillID 133454901 обработан. Совпадений: 1
21:43:25 | INFO     | 📡 [LISTENER] Получен KillID: 133454913. Добавляю в очередь...
21:43:25 | INFO     | 📥 [PROCESSOR] Начинаю обработку KillID: 133454913
21:43:25 | INFO     | 🔍 Запрос хэша для 133454913 у zKillboard...
21:43:25 | INFO     | ✅ [LISTENER] KillID 133454913 добавлен. Размер очереди: 0
21:43:25 | INFO     | 📡 [LISTENER] Получен KillID: 133454876. Добавляю в очередь...
21:43:25 | INFO     | ✅ [LISTENER] KillID 133454876 добавлен. Размер очереди: 1
21:43:25 | INFO     | 🌐 Запрос детальных данных для 133454913 из ESI...
21:43:26 | INFO     | ⚙️ Проверка фильтров 133454913 для 1 каналов...
21:43:26 | INFO     | 🎯 [ID: 133454913] Совпадение для канала 1463802595931062374! Тип: PRIORITY_TARGET
21:43:27 | INFO     | Generated image (1068x500): killmail_images/kill_133454913.png
21:43:29 | INFO     | Kill notification sent to 1463802595931062374
21:43:29 | INFO     | ✅ Уведомление отправлено в канал 1463802595931062374
21:43:29 | INFO     | ✅ KillID 133454913 обработан. Совпадений: 1
21:43:29 | INFO     | 📥 [PROCESSOR] Начинаю обработку KillID: 133454876
21:43:29 | INFO     | 🔍 Запрос хэша для 133454876 у zKillboard...
21:43:29 | INFO     | 🌐 Запрос детальных данных для 133454876 из ESI...
21:43:29 | INFO     | ⚙️ Проверка фильтров 133454876 для 1 каналов...
21:43:29 | INFO     | 🎯 [ID: 133454876] Совпадение для канала 1463802595931062374! Тип: LOCATION_WATCH
21:43:30 | INFO     | Generated image (1068x500): killmail_images/kill_133454876.png
21:43:31 | INFO     | Kill notification sent to 1463802595931062374
21:43:31 | INFO     | ✅ Уведомление отправлено в канал 1463802595931062374
21:43:31 | INFO     | ✅ KillID 133454876 обработан. Совпадений: 1
21:44:18 | INFO     | 📡 [LISTENER] Получен KillID: 133454959. Добавляю в очередь...
21:44:18 | INFO     | 📥 [PROCESSOR] Начинаю обработку KillID: 133454959
21:44:18 | INFO     | 🔍 Запрос хэша для 133454959 у zKillboard...
21:44:18 | INFO     | ✅ [LISTENER] KillID 133454959 добавлен. Размер очереди: 0
21:44:19 | INFO     | 🌐 Запрос детальных данных для 133454959 из ESI...
21:44:19 | INFO     | ⚙️ Проверка фильтров 133454959 для 1 каналов...
21:44:19 | INFO     | 🎯 [ID: 133454959] Совпадение для канала 1463802595931062374! Тип: PRIORITY_TARGET
21:44:21 | INFO     | Generated image (1013x500): killmail_images/kill_133454959.png
21:44:22 | INFO     | Kill notification sent to 1463802595931062374
21:44:22 | INFO     | ✅ Уведомление отправлено в канал 1463802595931062374
21:44:22 | INFO     | ✅ KillID 133454959 обработан. Совпадений: 1
21:44:45 | INFO     | 📡 [LISTENER] Получен KillID: 133454970. Добавляю в очередь...
21:44:45 | INFO     | 📥 [PROCESSOR] Начинаю обработку KillID: 133454970
21:44:45 | INFO     | 🔍 Запрос хэша для 133454970 у zKillboard...
21:44:45 | INFO     | ✅ [LISTENER] KillID 133454970 добавлен. Размер очереди: 0
21:44:45 | INFO     | 🌐 Запрос детальных данных для 133454970 из ESI...
21:44:45 | INFO     | ⚙️ Проверка фильтров 133454970 для 1 каналов...
21:44:45 | INFO     | 🎯 [ID: 133454970] Совпадение для канала 1463802595931062374! Тип: LOCATION_WATCH
21:44:47 | INFO     | Generated image (1045x500): killmail_images/kill_133454970.png
21:44:48 | INFO     | Kill notification sent to 1463802595931062374
21:44:48 | INFO     | ✅ Уведомление отправлено в канал 1463802595931062374
21:44:48 | INFO     | ✅ KillID 133454970 обработан. Совпадений: 1
21:46:25 | INFO     | 📡 [LISTENER] Получен KillID: 133454952. Добавляю в очередь...
21:46:25 | INFO     | 📥 [PROCESSOR] Начинаю обработку KillID: 133454952
21:46:25 | INFO     | 🔍 Запрос хэша для 133454952 у zKillboard...
21:46:25 | INFO     | ✅ [LISTENER] KillID 133454952 добавлен. Размер очереди: 0
21:46:25 | INFO     | 🌐 Запрос детальных данных для 133454952 из ESI...
21:46:25 | INFO     | ⚙️ Проверка фильтров 133454952 для 1 каналов...
21:46:25 | INFO     | 🎯 [ID: 133454952] Совпадение для канала 1463802595931062374! Тип: LOCATION_WATCH
21:46:27 | INFO     | Generated image (1016x500): killmail_images/kill_133454952.png
21:46:28 | INFO     | Kill notification sent to 1463802595931062374
21:46:28 | INFO     | ✅ Уведомление отправлено в канал 1463802595931062374
21:46:28 | INFO     | ✅ KillID 133454952 обработан. Совпадений: 1
21:48:08 | INFO     | 📡 [LISTENER] Получен KillID: 133455055. Добавляю в очередь...
21:48:08 | INFO     | 📥 [PROCESSOR] Начинаю обработку KillID: 133455055
21:48:08 | INFO     | 🔍 Запрос хэша для 133455055 у zKillboard...
21:48:08 | INFO     | ✅ [LISTENER] KillID 133455055 добавлен. Размер очереди: 0
21:48:08 | INFO     | 📡 [LISTENER] Получен KillID: 133455048. Добавляю в очередь...
21:48:08 | INFO     | ✅ [LISTENER] KillID 133455048 добавлен. Размер очереди: 1
21:48:09 | INFO     | 🌐 Запрос детальных данных для 133455055 из ESI...
21:48:09 | INFO     | ⚙️ Проверка фильтров 133455055 для 1 каналов...
21:48:09 | INFO     | 🎯 [ID: 133455055] Совпадение для канала 1463802595931062374! Тип: LOCATION_WATCH
21:48:11 | INFO     | Generated image (1071x500): killmail_images/kill_133455055.png
21:48:12 | INFO     | Kill notification sent to 1463802595931062374
21:48:12 | INFO     | ✅ Уведомление отправлено в канал 1463802595931062374
21:48:12 | INFO     | ✅ KillID 133455055 обработан. Совпадений: 1
21:48:12 | INFO     | 📥 [PROCESSOR] Начинаю обработку KillID: 133455048
21:48:12 | INFO     | 🔍 Запрос хэша для 133455048 у zKillboard...
21:48:12 | INFO     | 🌐 Запрос детальных данных для 133455048 из ESI...
21:48:13 | INFO     | ⚙️ Проверка фильтров 133455048 для 1 каналов...
21:48:13 | INFO     | 🎯 [ID: 133455048] Совпадение для канала 1463802595931062374! Тип: LOCATION_WATCH
21:48:13 | INFO     | Generated image (1089x500): killmail_images/kill_133455048.png
21:48:14 | INFO     | Kill notification sent to 1463802595931062374
21:48:14 | INFO     | ✅ Уведомление отправлено в канал 1463802595931062374
21:48:14 | INFO     | ✅ KillID 133455048 обработан. Совпадений: 1
21:51:16 | INFO     | 📡 [LISTENER] Получен KillID: 133455073. Добавляю в очередь...
21:51:16 | INFO     | 📥 [PROCESSOR] Начинаю обработку KillID: 133455073
21:51:16 | INFO     | 🔍 Запрос хэша для 133455073 у zKillboard...
21:51:16 | INFO     | ✅ [LISTENER] KillID 133455073 добавлен. Размер очереди: 0
21:51:16 | INFO     | 📡 [LISTENER] Получен KillID: 133455070. Добавляю в очередь...
21:51:16 | INFO     | ✅ [LISTENER] KillID 133455070 добавлен. Размер очереди: 1
21:51:16 | INFO     | 📡 [LISTENER] Получен KillID: 133455069. Добавляю в очередь...
21:51:16 | INFO     | ✅ [LISTENER] KillID 133455069 добавлен. Размер очереди: 2
21:51:16 | INFO     | 🌐 Запрос детальных данных для 133455073 из ESI...
21:51:16 | INFO     | 📡 [LISTENER] Получен KillID: 133455067. Добавляю в очередь...
21:51:16 | INFO     | ✅ [LISTENER] KillID 133455067 добавлен. Размер очереди: 3
21:51:16 | INFO     | 📡 [LISTENER] Получен KillID: 133455063. Добавляю в очередь...
21:51:16 | INFO     | ✅ [LISTENER] KillID 133455063 добавлен. Размер очереди: 4
21:51:16 | INFO     | 📡 [LISTENER] Получен KillID: 133455060. Добавляю в очередь...
21:51:16 | INFO     | ✅ [LISTENER] KillID 133455060 добавлен. Размер очереди: 5
21:51:17 | INFO     | Stopping workers...
21:51:17 | INFO     | 🛑 Processor получил сигнал остановки
21:51:17 | INFO     | 🛑 Listener получил сигнал остановки
21:51:17 | INFO     | Monitoring system stopped
21:51:17 | INFO     | Closing connections...
21:51:17 | INFO     | EVE KillBot stopped. o7
21:51:21 | WARNING  | PyNaCl is not installed, voice will NOT be supported
21:51:21 | INFO     | Starting EVE KillBot...
21:51:21 | INFO     | --- MONITORING SYSTEM STARTING ---
21:51:25 | INFO     | Discord bot ready
21:51:25 | INFO     | Config: 23 filters, 1 channels
21:51:25 | INFO     | Starting workers for 1 channels
21:51:25 | INFO     | 🔗 Подключение к WebSocket zKillboard...
21:51:25 | INFO     | ⚙️ Многоканальный обработчик событий запущен...
21:51:25 | INFO     | 🔥 [PROCESSOR] СЕССИЯ ОТКРЫТА, НАЧИНАЮ ОБРАБОТКУ...
21:51:26 | INFO     | ✅ Успешное подключение к zKillboard WebSocket
21:51:26 | INFO     | 📡 Подготовка подписок на 23 каналов...
21:51:26 | INFO     | ✅ Подписка на killstream установлена
21:51:29 | INFO     | ✅ Все подписки (23) отправлены zKillboard
21:54:44 | INFO     | 📡 [LISTENER] Получен KillID: 133455132. Добавляю в очередь...
21:54:44 | INFO     | 📥 [PROCESSOR] Начинаю обработку KillID: 133455132
21:54:44 | INFO     | 🔍 Запрос хэша для 133455132 у zKillboard...
21:54:44 | INFO     | ✅ [LISTENER] KillID 133455132 добавлен. Размер очереди: 0
21:54:44 | INFO     | 🌐 Запрос детальных данных для 133455132 из ESI...
21:54:45 | INFO     | ⚙️ Проверка фильтров 133455132 для 1 каналов...
21:54:45 | INFO     | 🎯 [ID: 133455132] Совпадение для канала 1463802595931062374! Тип: LOCATION_WATCH
21:54:46 | INFO     | Generated image (978x500): killmail_images/kill_133455132.png
21:54:48 | INFO     | Kill notification sent to 1463802595931062374
21:54:48 | INFO     | ✅ Уведомление отправлено в канал 1463802595931062374
21:54:48 | INFO     | ✅ KillID 133455132 обработан. Совпадений: 1
21:56:05 | INFO     | 📡 [LISTENER] Получен KillID: 133455011. Добавляю в очередь...
21:56:05 | INFO     | 📥 [PROCESSOR] Начинаю обработку KillID: 133455011
21:56:05 | INFO     | 🔍 Запрос хэша для 133455011 у zKillboard...
21:56:05 | INFO     | ✅ [LISTENER] KillID 133455011 добавлен. Размер очереди: 0
21:56:06 | INFO     | 🌐 Запрос детальных данных для 133455011 из ESI...
21:56:06 | INFO     | ⚙️ Проверка фильтров 133455011 для 1 каналов...
21:56:17 | INFO     | 📡 [LISTENER] Получен KillID: 133455211. Добавляю в очередь...
21:56:17 | INFO     | 📥 [PROCESSOR] Начинаю обработку KillID: 133455211
21:56:17 | INFO     | 🔍 Запрос хэша для 133455211 у zKillboard...
21:56:17 | INFO     | ✅ [LISTENER] KillID 133455211 добавлен. Размер очереди: 0
21:56:18 | INFO     | 📡 [LISTENER] Получен KillID: 133455178. Добавляю в очередь...
21:56:18 | INFO     | ✅ [LISTENER] KillID 133455178 добавлен. Размер очереди: 1
21:56:18 | INFO     | 🌐 Запрос детальных данных для 133455211 из ESI...
21:56:18 | INFO     | ⚙️ Проверка фильтров 133455211 для 1 каналов...
21:56:18 | INFO     | 🎯 [ID: 133455211] Совпадение для канала 1463802595931062374! Тип: PRIORITY_TARGET
21:56:19 | INFO     | Generated image (954x500): killmail_images/kill_133455211.png
21:56:20 | INFO     | Kill notification sent to 1463802595931062374
21:56:20 | INFO     | ✅ Уведомление отправлено в канал 1463802595931062374
21:56:20 | INFO     | ✅ KillID 133455211 обработан. Совпадений: 1
21:56:20 | INFO     | 📥 [PROCESSOR] Начинаю обработку KillID: 133455178
21:56:20 | INFO     | 🔍 Запрос хэша для 133455178 у zKillboard...
21:56:20 | INFO     | 🌐 Запрос детальных данных для 133455178 из ESI...
21:56:20 | INFO     | ⚙️ Проверка фильтров 133455178 для 1 каналов...
21:56:20 | INFO     | 🎯 [ID: 133455178] Совпадение для канала 1463802595931062374! Тип: LOCATION_WATCH
21:56:21 | INFO     | Generated image (954x500): killmail_images/kill_133455178.png
21:56:22 | INFO     | Kill notification sent to 1463802595931062374
21:56:22 | INFO     | ✅ Уведомление отправлено в канал 1463802595931062374
21:56:22 | INFO     | ✅ KillID 133455178 обработан. Совпадений: 1
21:56:35 | INFO     | 📡 [LISTENER] Получен KillID: 133455171. Добавляю в очередь...
21:56:35 | INFO     | 📥 [PROCESSOR] Начинаю обработку KillID: 133455171
21:56:35 | INFO     | 🔍 Запрос хэша для 133455171 у zKillboard...
21:56:35 | INFO     | ✅ [LISTENER] KillID 133455171 добавлен. Размер очереди: 0
21:56:35 | INFO     | 📡 [LISTENER] Получен KillID: 133455171. Добавляю в очередь...
21:56:35 | INFO     | ✅ [LISTENER] KillID 133455171 добавлен. Размер очереди: 1
21:56:35 | INFO     | 🌐 Запрос детальных данных для 133455171 из ESI...
21:56:35 | INFO     | ⚙️ Проверка фильтров 133455171 для 1 каналов...
21:56:35 | INFO     | 🎯 [ID: 133455171] Совпадение для канала 1463802595931062374! Тип: LOCATION_WATCH
21:56:36 | INFO     | Generated image (1073x500): killmail_images/kill_133455171.png
21:56:37 | INFO     | Kill notification sent to 1463802595931062374
21:56:37 | INFO     | ✅ Уведомление отправлено в канал 1463802595931062374
21:56:37 | INFO     | ✅ KillID 133455171 обработан. Совпадений: 1
21:56:37 | INFO     | 📥 [PROCESSOR] Начинаю обработку KillID: 133455171
21:56:37 | INFO     | ⏭️ [PROCESSOR] Пропускаю дубликат KillID: 133455171
21:56:38 | ERROR    | Processor crashed: task_done() called too many times
21:56:38 | INFO     | Stopping workers...
21:56:38 | INFO     | 🛑 Listener получил сигнал остановки
21:56:40 | INFO     | Config: 23 filters, 1 channels
21:56:40 | INFO     | Starting workers for 1 channels
21:56:40 | INFO     | 🔗 Подключение к WebSocket zKillboard...
21:56:40 | INFO     | ⚙️ Многоканальный обработчик событий запущен...
21:56:40 | INFO     | 🔥 [PROCESSOR] СЕССИЯ ОТКРЫТА, НАЧИНАЮ ОБРАБОТКУ...
21:56:40 | INFO     | ✅ Успешное подключение к zKillboard WebSocket
21:56:40 | INFO     | 📡 Подготовка подписок на 23 каналов...
21:56:41 | INFO     | ✅ Подписка на killstream установлена
21:56:43 | INFO     | ✅ Все подписки (23) отправлены zKillboard
21:58:38 | INFO     | 📡 [LISTENER] Получен KillID: 133455262. Добавляю в очередь...
21:58:38 | INFO     | 📥 [PROCESSOR] Начинаю обработку KillID: 133455262
21:58:38 | INFO     | 🔍 Запрос хэша для 133455262 у zKillboard...
21:58:38 | INFO     | ✅ [LISTENER] KillID 133455262 добавлен. Размер очереди: 0
21:58:38 | INFO     | 🌐 Запрос детальных данных для 133455262 из ESI...
21:58:39 | INFO     | ⚙️ Проверка фильтров 133455262 для 1 каналов...
21:58:39 | INFO     | 🎯 [ID: 133455262] Совпадение для канала 1463802595931062374! Тип: LOCATION_WATCH
21:58:41 | INFO     | Generated image (1032x500): killmail_images/kill_133455262.png
21:58:42 | INFO     | Kill notification sent to 1463802595931062374
21:58:42 | INFO     | ✅ Уведомление отправлено в канал 1463802595931062374
21:58:42 | INFO     | ✅ KillID 133455262 обработан. Совпадений: 1
21:58:54 | INFO     | 📡 [LISTENER] Получен KillID: 133455276. Добавляю в очередь...
21:58:54 | INFO     | 📥 [PROCESSOR] Начинаю обработку KillID: 133455276
21:58:54 | INFO     | 🔍 Запрос хэша для 133455276 у zKillboard...
21:58:54 | INFO     | ✅ [LISTENER] KillID 133455276 добавлен. Размер очереди: 0
21:58:54 | INFO     | 🌐 Запрос детальных данных для 133455276 из ESI...
21:58:55 | INFO     | ⚙️ Проверка фильтров 133455276 для 1 каналов...
21:58:55 | INFO     | 🎯 [ID: 133455276] Совпадение для канала 1463802595931062374! Тип: LOCATION_WATCH
21:58:56 | INFO     | Generated image (900x500): killmail_images/kill_133455276.png
21:58:57 | INFO     | Kill notification sent to 1463802595931062374
21:58:57 | INFO     | ✅ Уведомление отправлено в канал 1463802595931062374
21:58:57 | INFO     | ✅ KillID 133455276 обработан. Совпадений: 1
22:00:22 | INFO     | 📡 [LISTENER] Получен KillID: 133455264. Добавляю в очередь...
22:00:22 | INFO     | 📥 [PROCESSOR] Начинаю обработку KillID: 133455264
22:00:22 | INFO     | 🔍 Запрос хэша для 133455264 у zKillboard...
22:00:22 | INFO     | ✅ [LISTENER] KillID 133455264 добавлен. Размер очереди: 0
22:00:22 | INFO     | 🌐 Запрос детальных данных для 133455264 из ESI...
22:00:22 | INFO     | ⚙️ Проверка фильтров 133455264 для 1 каналов...
22:00:22 | INFO     | 🎯 [ID: 133455264] Совпадение для канала 1463802595931062374! Тип: LOCATION_WATCH
22:00:24 | INFO     | Generated image (1083x500): killmail_images/kill_133455264.png
22:00:26 | INFO     | Kill notification sent to 1463802595931062374
22:00:26 | INFO     | ✅ Уведомление отправлено в канал 1463802595931062374
22:00:26 | INFO     | ✅ KillID 133455264 обработан. Совпадений: 1
22:04:45 | INFO     | 📡 [LISTENER] Получен KillID: 133455339. Добавляю в очередь...
22:04:45 | INFO     | 📥 [PROCESSOR] Начинаю обработку KillID: 133455339
22:04:45 | INFO     | 🔍 Запрос хэша для 133455339 у zKillboard...
22:04:45 | INFO     | ✅ [LISTENER] KillID 133455339 добавлен. Размер очереди: 0
22:04:46 | INFO     | 🌐 Запрос детальных данных для 133455339 из ESI...
22:04:46 | INFO     | ⚙️ Проверка фильтров 133455339 для 1 каналов...
22:05:15 | INFO     | 📡 [LISTENER] Получен KillID: 133455330. Добавляю в очередь...
22:05:15 | INFO     | 📥 [PROCESSOR] Начинаю обработку KillID: 133455330
22:05:15 | INFO     | 🔍 Запрос хэша для 133455330 у zKillboard...
22:05:15 | INFO     | ✅ [LISTENER] KillID 133455330 добавлен. Размер очереди: 0
22:05:15 | INFO     | 📡 [LISTENER] Получен KillID: 133455271. Добавляю в очередь...
22:05:15 | INFO     | ✅ [LISTENER] KillID 133455271 добавлен. Размер очереди: 1
22:05:15 | INFO     | 🌐 Запрос детальных данных для 133455330 из ESI...
22:05:16 | INFO     | ⚙️ Проверка фильтров 133455330 для 1 каналов...
22:05:16 | INFO     | 🎯 [ID: 133455330] Совпадение для канала 1463802595931062374! Тип: LOCATION_WATCH
22:05:17 | INFO     | Generated image (928x500): killmail_images/kill_133455330.png
22:05:19 | INFO     | Kill notification sent to 1463802595931062374
22:05:19 | INFO     | ✅ Уведомление отправлено в канал 1463802595931062374
22:05:19 | INFO     | ✅ KillID 133455330 обработан. Совпадений: 1
22:05:19 | INFO     | 📥 [PROCESSOR] Начинаю обработку KillID: 133455271
22:05:19 | INFO     | 🔍 Запрос хэша для 133455271 у zKillboard...
22:05:19 | INFO     | 🌐 Запрос детальных данных для 133455271 из ESI...
22:05:20 | INFO     | ⚙️ Проверка фильтров 133455271 для 1 каналов...
22:05:20 | INFO     | 🎯 [ID: 133455271] Совпадение для канала 1463802595931062374! Тип: LOCATION_WATCH
22:05:20 | INFO     | Generated image (928x500): killmail_images/kill_133455271.png
22:05:21 | INFO     | Kill notification sent to 1463802595931062374
22:05:21 | INFO     | ✅ Уведомление отправлено в канал 1463802595931062374
22:05:21 | INFO     | ✅ KillID 133455271 обработан. Совпадений: 1
22:05:44 | INFO     | 📡 [LISTENER] Получен KillID: 133455414. Добавляю в очередь...
22:05:44 | INFO     | 📥 [PROCESSOR] Начинаю обработку KillID: 133455414
22:05:44 | INFO     | 🔍 Запрос хэша для 133455414 у zKillboard...
22:05:44 | INFO     | ✅ [LISTENER] KillID 133455414 добавлен. Размер очереди: 0
22:05:44 | INFO     | 📡 [LISTENER] Получен KillID: 133455407. Добавляю в очередь...
22:05:44 | INFO     | ✅ [LISTENER] KillID 133455407 добавлен. Размер очереди: 1
22:05:45 | INFO     | 🌐 Запрос детальных данных для 133455414 из ESI...
22:05:45 | INFO     | 📡 [LISTENER] Получен KillID: 133455402. Добавляю в очередь...
22:05:45 | INFO     | ✅ [LISTENER] KillID 133455402 добавлен. Размер очереди: 2
22:05:45 | INFO     | ⚙️ Проверка фильтров 133455414 для 1 каналов...
22:05:45 | INFO     | 🎯 [ID: 133455414] Совпадение для канала 1463802595931062374! Тип: LOCATION_WATCH
22:05:45 | INFO     | 📡 [LISTENER] Получен KillID: 133455398. Добавляю в очередь...
22:05:45 | INFO     | ✅ [LISTENER] KillID 133455398 добавлен. Размер очереди: 3
22:05:46 | INFO     | 📡 [LISTENER] Получен KillID: 133455387. Добавляю в очередь...
22:05:46 | INFO     | ✅ [LISTENER] KillID 133455387 добавлен. Размер очереди: 4
22:05:46 | INFO     | 📡 [LISTENER] Получен KillID: 133455384. Добавляю в очередь...
22:05:46 | INFO     | ✅ [LISTENER] KillID 133455384 добавлен. Размер очереди: 5
22:05:46 | INFO     | 📡 [LISTENER] Получен KillID: 133455379. Добавляю в очередь...
22:05:46 | INFO     | ✅ [LISTENER] KillID 133455379 добавлен. Размер очереди: 6
22:05:46 | INFO     | 📡 [LISTENER] Получен KillID: 133455372. Добавляю в очередь...
22:05:46 | INFO     | ✅ [LISTENER] KillID 133455372 добавлен. Размер очереди: 7
22:05:46 | INFO     | 📡 [LISTENER] Получен KillID: 133455332. Добавляю в очередь...
22:05:46 | INFO     | ✅ [LISTENER] KillID 133455332 добавлен. Размер очереди: 8
22:05:47 | INFO     | Generated image (1090x500): killmail_images/kill_133455414.png
22:05:48 | INFO     | Kill notification sent to 1463802595931062374
22:05:48 | INFO     | ✅ Уведомление отправлено в канал 1463802595931062374
22:05:48 | INFO     | ✅ KillID 133455414 обработан. Совпадений: 1
22:05:48 | INFO     | 📥 [PROCESSOR] Начинаю обработку KillID: 133455407
22:05:48 | INFO     | 🔍 Запрос хэша для 133455407 у zKillboard...
22:05:48 | INFO     | 🌐 Запрос детальных данных для 133455407 из ESI...
22:05:48 | INFO     | ⚙️ Проверка фильтров 133455407 для 1 каналов...
22:05:48 | INFO     | 🎯 [ID: 133455407] Совпадение для канала 1463802595931062374! Тип: LOCATION_WATCH
22:05:49 | INFO     | Generated image (1027x500): killmail_images/kill_133455407.png
22:05:50 | INFO     | Kill notification sent to 1463802595931062374
22:05:50 | INFO     | ✅ Уведомление отправлено в канал 1463802595931062374
22:05:50 | INFO     | ✅ KillID 133455407 обработан. Совпадений: 1
22:05:50 | INFO     | 📥 [PROCESSOR] Начинаю обработку KillID: 133455402
22:05:50 | INFO     | 🔍 Запрос хэша для 133455402 у zKillboard...
22:05:50 | INFO     | 🌐 Запрос детальных данных для 133455402 из ESI...
22:05:50 | INFO     | ⚙️ Проверка фильтров 133455402 для 1 каналов...
22:05:50 | INFO     | 🎯 [ID: 133455402] Совпадение для канала 1463802595931062374! Тип: LOCATION_WATCH
22:05:51 | INFO     | Generated image (1003x500): killmail_images/kill_133455402.png
22:05:52 | INFO     | Kill notification sent to 1463802595931062374
22:05:52 | INFO     | ✅ Уведомление отправлено в канал 1463802595931062374
22:05:52 | INFO     | ✅ KillID 133455402 обработан. Совпадений: 1
22:05:52 | INFO     | 📥 [PROCESSOR] Начинаю обработку KillID: 133455398
22:05:52 | INFO     | 🔍 Запрос хэша для 133455398 у zKillboard...
22:05:52 | INFO     | 🌐 Запрос детальных данных для 133455398 из ESI...
22:05:52 | INFO     | ⚙️ Проверка фильтров 133455398 для 1 каналов...
22:05:52 | INFO     | 🎯 [ID: 133455398] Совпадение для канала 1463802595931062374! Тип: LOCATION_WATCH
22:05:53 | INFO     | Generated image (1050x500): killmail_images/kill_133455398.png
22:05:54 | INFO     | Kill notification sent to 1463802595931062374
22:05:54 | INFO     | ✅ Уведомление отправлено в канал 1463802595931062374
22:05:54 | INFO     | ✅ KillID 133455398 обработан. Совпадений: 1
22:05:54 | INFO     | 📥 [PROCESSOR] Начинаю обработку KillID: 133455387
22:05:54 | INFO     | 🔍 Запрос хэша для 133455387 у zKillboard...
22:05:54 | INFO     | 🌐 Запрос детальных данных для 133455387 из ESI...
22:05:54 | INFO     | ⚙️ Проверка фильтров 133455387 для 1 каналов...
22:05:54 | INFO     | 🎯 [ID: 133455387] Совпадение для канала 1463802595931062374! Тип: LOCATION_WATCH
22:05:55 | INFO     | Generated image (1086x500): killmail_images/kill_133455387.png
22:05:56 | INFO     | Kill notification sent to 1463802595931062374
22:05:56 | INFO     | ✅ Уведомление отправлено в канал 1463802595931062374
22:05:56 | INFO     | ✅ KillID 133455387 обработан. Совпадений: 1
22:05:56 | INFO     | 📥 [PROCESSOR] Начинаю обработку KillID: 133455384
22:05:56 | INFO     | 🔍 Запрос хэша для 133455384 у zKillboard...
22:05:56 | INFO     | 🌐 Запрос детальных данных для 133455384 из ESI...
22:05:56 | INFO     | ⚙️ Проверка фильтров 133455384 для 1 каналов...
22:05:56 | INFO     | 🎯 [ID: 133455384] Совпадение для канала 1463802595931062374! Тип: LOCATION_WATCH
22:05:57 | INFO     | Generated image (1086x500): killmail_images/kill_133455384.png
22:05:58 | INFO     | Kill notification sent to 1463802595931062374
22:05:58 | INFO     | ✅ Уведомление отправлено в канал 1463802595931062374
22:05:58 | INFO     | ✅ KillID 133455384 обработан. Совпадений: 1
22:05:58 | INFO     | 📥 [PROCESSOR] Начинаю обработку KillID: 133455379
22:05:58 | INFO     | 🔍 Запрос хэша для 133455379 у zKillboard...
22:05:58 | INFO     | 🌐 Запрос детальных данных для 133455379 из ESI...
22:05:58 | INFO     | ⚙️ Проверка фильтров 133455379 для 1 каналов...
22:05:58 | INFO     | 🎯 [ID: 133455379] Совпадение для канала 1463802595931062374! Тип: LOCATION_WATCH
22:05:58 | INFO     | Generated image (981x500): killmail_images/kill_133455379.png
22:06:00 | INFO     | Kill notification sent to 1463802595931062374
22:06:00 | INFO     | ✅ Уведомление отправлено в канал 1463802595931062374
22:06:00 | INFO     | ✅ KillID 133455379 обработан. Совпадений: 1
22:06:00 | INFO     | 📥 [PROCESSOR] Начинаю обработку KillID: 133455372
22:06:00 | INFO     | 🔍 Запрос хэша для 133455372 у zKillboard...
22:06:00 | INFO     | 🌐 Запрос детальных данных для 133455372 из ESI...
22:06:00 | INFO     | ⚙️ Проверка фильтров 133455372 для 1 каналов...
22:06:00 | INFO     | 🎯 [ID: 133455372] Совпадение для канала 1463802595931062374! Тип: PRIORITY_TARGET
22:06:01 | INFO     | Generated image (933x500): killmail_images/kill_133455372.png
22:06:02 | INFO     | Kill notification sent to 1463802595931062374
22:06:02 | INFO     | ✅ Уведомление отправлено в канал 1463802595931062374
22:06:02 | INFO     | ✅ KillID 133455372 обработан. Совпадений: 1
22:06:02 | INFO     | 📥 [PROCESSOR] Начинаю обработку KillID: 133455332
22:06:02 | INFO     | 🔍 Запрос хэша для 133455332 у zKillboard...
22:06:02 | INFO     | 🌐 Запрос детальных данных для 133455332 из ESI...
22:06:02 | INFO     | ⚙️ Проверка фильтров 133455332 для 1 каналов...
22:06:02 | INFO     | 🎯 [ID: 133455332] Совпадение для канала 1463802595931062374! Тип: LOCATION_WATCH
22:06:03 | INFO     | Generated image (1085x500): killmail_images/kill_133455332.png
22:06:04 | INFO     | Kill notification sent to 1463802595931062374
22:06:04 | INFO     | ✅ Уведомление отправлено в канал 1463802595931062374
22:06:04 | INFO     | ✅ KillID 133455332 обработан. Совпадений: 1
22:09:40 | INFO     | 📡 [LISTENER] Получен KillID: 133455312. Добавляю в очередь...
22:09:40 | INFO     | 📥 [PROCESSOR] Начинаю обработку KillID: 133455312
22:09:40 | INFO     | 🔍 Запрос хэша для 133455312 у zKillboard...
22:09:40 | INFO     | ✅ [LISTENER] KillID 133455312 добавлен. Размер очереди: 0
22:09:40 | INFO     | 📡 [LISTENER] Получен KillID: 133455286. Добавляю в очередь...
22:09:40 | INFO     | ✅ [LISTENER] KillID 133455286 добавлен. Размер очереди: 1
22:09:40 | INFO     | 🌐 Запрос детальных данных для 133455312 из ESI...
22:09:41 | INFO     | ⚙️ Проверка фильтров 133455312 для 1 каналов...
22:09:41 | INFO     | 📥 [PROCESSOR] Начинаю обработку KillID: 133455286
22:09:41 | INFO     | 🔍 Запрос хэша для 133455286 у zKillboard...
22:09:41 | INFO     | 🌐 Запрос детальных данных для 133455286 из ESI...
22:09:41 | INFO     | ⚙️ Проверка фильтров 133455286 для 1 каналов...
22:09:41 | INFO     | 🎯 [ID: 133455286] Совпадение для канала 1463802595931062374! Тип: LOCATION_WATCH
22:09:42 | INFO     | Generated image (967x500): killmail_images/kill_133455286.png
22:09:44 | INFO     | Kill notification sent to 1463802595931062374
22:09:44 | INFO     | ✅ Уведомление отправлено в канал 1463802595931062374
22:09:44 | INFO     | ✅ KillID 133455286 обработан. Совпадений: 1
22:10:31 | INFO     | Stopping workers...
22:10:31 | INFO     | 🛑 Processor получил сигнал остановки
22:10:31 | INFO     | 🛑 Listener получил сигнал остановки
22:10:31 | INFO     | Monitoring system stopped
22:10:31 | INFO     | Closing connections...
22:10:31 | INFO     | EVE KillBot stopped. o7
22:48:30 | WARNING  | python-dotenv could not parse statement starting at line 5
22:48:31 | WARNING  | PyNaCl is not installed, voice will NOT be supported
22:48:31 | WARNING  | python-dotenv could not parse statement starting at line 5
22:48:31 | INFO     | 🚀 Starting EVE KillBot...
22:48:31 | INFO     | --- MONITORING SYSTEM STARTING ---
22:48:35 | INFO     | ✅ Discord bot ready
22:48:35 | INFO     | 📊 Конфиг загружен: 23 фильтров, 1 каналов
22:48:35 | INFO     | 🚀 Starting workers for 1 channels
22:48:35 | INFO     | 📊 Мониторинг ресурсов запущен (интервал: 60с)
22:48:35 | ERROR    | ❌ Ошибка при проверке ресурсов: module 'psutil' has no attribute 'SOCK_STREAM'
22:48:35 | INFO     | 🔗 Подключение к WebSocket zKillboard...
22:48:35 | INFO     | ⚙️ Многоканальный обработчик событий запущен...
22:48:35 | INFO     | 🔥 [PROCESSOR] СЕССИЯ ОТКРЫТА, НАЧИНАЮ ОБРАБОТКУ...
22:48:35 | INFO     | ✅ Успешное подключение к zKillboard WebSocket
22:48:35 | INFO     | 📡 Подготовка подписок на 23 каналов...
22:48:36 | INFO     | ✅ Подписка на killstream установлена
22:48:38 | INFO     | ✅ Все подписки (23) отправлены zKillboard
22:49:10 | INFO     | 📡 [LISTENER] Получен KillID: 133456292. Добавляю в очередь...
22:49:10 | INFO     | 📥 [PROCESSOR] Начинаю обработку KillID: 133456292
22:49:10 | INFO     | 🔍 Запрос хэша для 133456292 у zKillboard...
22:49:10 | INFO     | ✅ [LISTENER] KillID 133456292 добавлен. Размер очереди: 0
22:49:10 | INFO     | 📡 [LISTENER] Получен KillID: 133456272. Добавляю в очередь...
22:49:10 | INFO     | ✅ [LISTENER] KillID 133456272 добавлен. Размер очереди: 1
22:49:10 | INFO     | 🌐 Запрос детальных данных для 133456292 из ESI...
22:49:11 | INFO     | ⚙️ Проверка фильтров 133456292 для 1 каналов...
22:49:11 | INFO     | 🎯 [ID: 133456292] Совпадение для канала 1463802595931062374! Тип: PRIORITY_TARGET
22:49:12 | INFO     | Generated image (929x500): killmail_images/kill_133456292.png
22:49:14 | INFO     | ✅ Kill notification sent to 1463802595931062374 with image
22:49:14 | INFO     | ✅ Уведомление отправлено в канал 1463802595931062374
22:49:14 | INFO     | ✅ KillID 133456292 обработан. Совпадений: 1
22:49:14 | INFO     | 📥 [PROCESSOR] Начинаю обработку KillID: 133456272
22:49:14 | INFO     | 🔍 Запрос хэша для 133456272 у zKillboard...
22:49:14 | INFO     | 🌐 Запрос детальных данных для 133456272 из ESI...
22:49:14 | INFO     | ⚙️ Проверка фильтров 133456272 для 1 каналов...
22:49:14 | INFO     | 🎯 [ID: 133456272] Совпадение для канала 1463802595931062374! Тип: LOCATION_WATCH
22:49:14 | INFO     | Generated image (929x500): killmail_images/kill_133456272.png
22:49:15 | INFO     | ✅ Kill notification sent to 1463802595931062374 with image
22:49:15 | INFO     | ✅ Уведомление отправлено в канал 1463802595931062374
22:49:15 | INFO     | ✅ KillID 133456272 обработан. Совпадений: 1
22:49:35 | ERROR    | ❌ Ошибка при проверке ресурсов: module 'psutil' has no attribute 'SOCK_STREAM'
22:50:35 | ERROR    | ❌ Ошибка при проверке ресурсов: module 'psutil' has no attribute 'SOCK_STREAM'
22:51:26 | INFO     | 🛑 Shutdown signal received
22:51:27 | INFO     | 🛑 Stopping workers...
22:51:27 | INFO     | 🛑 Processor получил сигнал остановки
22:51:27 | INFO     | 🛑 Listener получил сигнал остановки
22:51:27 | INFO     | 📊 Мониторинг ресурсов остановлен
22:51:27 | INFO     | 📊 Monitoring system stopped
22:51:27 | INFO     | 🔌 Closing connections...
22:51:28 | INFO     | 👋 EVE KillBot stopped. o7
22:54:16 | WARNING  | python-dotenv could not parse statement starting at line 3
22:54:17 | WARNING  | PyNaCl is not installed, voice will NOT be supported
22:54:17 | WARNING  | python-dotenv could not parse statement starting at line 3
22:54:17 | INFO     | 🚀 Starting EVE KillBot...
22:54:17 | INFO     | --- MONITORING SYSTEM STARTING ---
22:54:22 | INFO     | ✅ Discord bot ready
22:54:22 | INFO     | 📊 Конфиг загружен: 23 фильтров, 1 каналов
22:54:22 | INFO     | 🚀 Starting workers for 1 channels
22:54:22 | INFO     | 📊 Мониторинг ресурсов запущен (интервал: 60с)
22:54:22 | INFO     | 🔗 Подключение к WebSocket zKillboard...
22:54:22 | INFO     | ⚙️ Многоканальный обработчик событий запущен...
22:54:22 | INFO     | 🔥 [PROCESSOR] СЕССИЯ ОТКРЫТА, НАЧИНАЮ ОБРАБОТКУ...
22:54:23 | INFO     | ✅ Успешное подключение к zKillboard WebSocket
22:54:23 | INFO     | 📡 Подготовка подписок на 23 каналов...
22:54:23 | INFO     | ✅ Подписка на killstream установлена
22:54:26 | INFO     | ✅ Все подписки (23) отправлены zKillboard
22:55:57 | INFO     | 🛑 Shutdown signal received
22:55:58 | INFO     | 🛑 Stopping workers...
22:55:58 | INFO     | 🛑 Processor получил сигнал остановки
22:55:58 | INFO     | 🛑 Listener получил сигнал остановки
22:55:58 | INFO     | 📊 Мониторинг ресурсов остановлен
22:55:58 | INFO     | 📊 Итоговая статистика мониторинга:
   • Время работы: 0:01:41
   • Пик соединений: 2
   • Пик памяти: 49.9 МБ
   • Пик CPU: 0.0%
   • Проверок выполнено: 2
22:55:58 | INFO     | 📊 Monitoring system stopped
22:55:58 | INFO     | 🔌 Closing connections...
22:55:58 | INFO     | 👋 EVE KillBot stopped. o7
22:56:08 | WARNING  | PyNaCl is not installed, voice will NOT be supported
22:56:08 | INFO     | 🚀 Starting EVE KillBot...
22:56:08 | INFO     | --- MONITORING SYSTEM STARTING ---
22:56:12 | INFO     | ✅ Discord bot ready
22:56:12 | INFO     | 📊 Конфиг загружен: 23 фильтров, 1 каналов
22:56:12 | INFO     | 🚀 Starting workers for 1 channels
22:56:12 | INFO     | 📊 Мониторинг ресурсов запущен (интервал: 60с)
22:56:12 | INFO     | 🔗 Подключение к WebSocket zKillboard...
22:56:12 | INFO     | ⚙️ Многоканальный обработчик событий запущен...
22:56:12 | INFO     | 🔥 [PROCESSOR] СЕССИЯ ОТКРЫТА, НАЧИНАЮ ОБРАБОТКУ...
22:56:12 | INFO     | ✅ Успешное подключение к zKillboard WebSocket
22:56:12 | INFO     | 📡 Подготовка подписок на 23 каналов...
22:56:13 | INFO     | ✅ Подписка на killstream установлена
22:56:15 | INFO     | ✅ Все подписки (23) отправлены zKillboard
22:56:34 | INFO     | 📡 [LISTENER] Получен KillID: 133456411. Добавляю в очередь...
22:56:34 | INFO     | 📥 [PROCESSOR] Начинаю обработку KillID: 133456411
22:56:34 | INFO     | 🔍 Запрос хэша для 133456411 у zKillboard...
22:56:34 | INFO     | ✅ [LISTENER] KillID 133456411 добавлен. Размер очереди: 0
22:56:35 | INFO     | 🌐 Запрос детальных данных для 133456411 из ESI...
22:56:35 | INFO     | ⚙️ Проверка фильтров 133456411 для 1 каналов...
22:56:35 | INFO     | 🎯 [ID: 133456411] Совпадение для канала 1463802595931062374! Тип: LOCATION_WATCH
22:56:37 | INFO     | Generated image (908x500): killmail_images/kill_133456411.png
22:56:38 | INFO     | ✅ Kill notification sent to 1463802595931062374 with image
22:56:38 | INFO     | ✅ Уведомление отправлено в канал 1463802595931062374
22:56:38 | INFO     | ✅ KillID 133456411 обработан. Совпадений: 1
22:57:21 | INFO     | 📡 [LISTENER] Получен KillID: 133456443. Добавляю в очередь...
22:57:21 | INFO     | 📥 [PROCESSOR] Начинаю обработку KillID: 133456443
22:57:21 | INFO     | 🔍 Запрос хэша для 133456443 у zKillboard...
22:57:21 | INFO     | ✅ [LISTENER] KillID 133456443 добавлен. Размер очереди: 0
22:57:22 | INFO     | 🌐 Запрос детальных данных для 133456443 из ESI...
22:57:22 | INFO     | ⚙️ Проверка фильтров 133456443 для 1 каналов...
22:57:22 | INFO     | 🎯 [ID: 133456443] Совпадение для канала 1463802595931062374! Тип: PRIORITY_TARGET
22:57:24 | INFO     | Generated image (980x500): killmail_images/kill_133456443.png
22:57:25 | INFO     | ✅ Kill notification sent to 1463802595931062374 with image
22:57:25 | INFO     | ✅ Уведомление отправлено в канал 1463802595931062374
22:57:25 | INFO     | ✅ KillID 133456443 обработан. Совпадений: 1
22:59:01 | INFO     | 📡 [LISTENER] Получен KillID: 133456267. Добавляю в очередь...
22:59:01 | INFO     | 📥 [PROCESSOR] Начинаю обработку KillID: 133456267
22:59:01 | INFO     | 🔍 Запрос хэша для 133456267 у zKillboard...
22:59:01 | INFO     | ✅ [LISTENER] KillID 133456267 добавлен. Размер очереди: 0
22:59:01 | INFO     | 🌐 Запрос детальных данных для 133456267 из ESI...
22:59:02 | INFO     | ⚙️ Проверка фильтров 133456267 для 1 каналов...
22:59:50 | INFO     | 📡 [LISTENER] Получен KillID: 133456382. Добавляю в очередь...
22:59:50 | INFO     | 📥 [PROCESSOR] Начинаю обработку KillID: 133456382
22:59:50 | INFO     | 🔍 Запрос хэша для 133456382 у zKillboard...
22:59:50 | INFO     | ✅ [LISTENER] KillID 133456382 добавлен. Размер очереди: 0
22:59:50 | INFO     | 📡 [LISTENER] Получен KillID: 133456354. Добавляю в очередь...
22:59:50 | INFO     | ✅ [LISTENER] KillID 133456354 добавлен. Размер очереди: 1
22:59:50 | INFO     | 📡 [LISTENER] Получен KillID: 133456352. Добавляю в очередь...
22:59:50 | INFO     | ✅ [LISTENER] KillID 133456352 добавлен. Размер очереди: 2
22:59:50 | INFO     | 📡 [LISTENER] Получен KillID: 133456350. Добавляю в очередь...
22:59:50 | INFO     | ✅ [LISTENER] KillID 133456350 добавлен. Размер очереди: 3
22:59:50 | INFO     | 🌐 Запрос детальных данных для 133456382 из ESI...
22:59:51 | INFO     | ⚙️ Проверка фильтров 133456382 для 1 каналов...
22:59:51 | INFO     | 🎯 [ID: 133456382] Совпадение для канала 1463802595931062374! Тип: LOCATION_WATCH
22:59:52 | INFO     | Generated image (1051x500): killmail_images/kill_133456382.png
22:59:54 | INFO     | ✅ Kill notification sent to 1463802595931062374 with image
22:59:54 | INFO     | ✅ Уведомление отправлено в канал 1463802595931062374
22:59:54 | INFO     | ✅ KillID 133456382 обработан. Совпадений: 1
22:59:54 | INFO     | 📥 [PROCESSOR] Начинаю обработку KillID: 133456354
22:59:54 | INFO     | 🔍 Запрос хэша для 133456354 у zKillboard...
22:59:54 | INFO     | 🌐 Запрос детальных данных для 133456354 из ESI...
22:59:54 | INFO     | ⚙️ Проверка фильтров 133456354 для 1 каналов...
22:59:54 | INFO     | 🎯 [ID: 133456354] Совпадение для канала 1463802595931062374! Тип: LOCATION_WATCH
22:59:55 | INFO     | Generated image (997x500): killmail_images/kill_133456354.png
22:59:56 | INFO     | ✅ Kill notification sent to 1463802595931062374 with image
22:59:56 | INFO     | ✅ Уведомление отправлено в канал 1463802595931062374
22:59:56 | INFO     | ✅ KillID 133456354 обработан. Совпадений: 1
22:59:56 | INFO     | 📥 [PROCESSOR] Начинаю обработку KillID: 133456352
22:59:56 | INFO     | 🔍 Запрос хэша для 133456352 у zKillboard...
22:59:56 | INFO     | 🌐 Запрос детальных данных для 133456352 из ESI...
22:59:56 | INFO     | ⚙️ Проверка фильтров 133456352 для 1 каналов...
22:59:56 | INFO     | 🎯 [ID: 133456352] Совпадение для канала 1463802595931062374! Тип: PRIORITY_TARGET
22:59:57 | INFO     | Generated image (1075x500): killmail_images/kill_133456352.png
22:59:58 | INFO     | ✅ Kill notification sent to 1463802595931062374 with image
22:59:58 | INFO     | ✅ Уведомление отправлено в канал 1463802595931062374
22:59:58 | INFO     | ✅ KillID 133456352 обработан. Совпадений: 1
22:59:58 | INFO     | 📥 [PROCESSOR] Начинаю обработку KillID: 133456350
22:59:58 | INFO     | 🔍 Запрос хэша для 133456350 у zKillboard...
22:59:58 | INFO     | 🌐 Запрос детальных данных для 133456350 из ESI...
22:59:58 | INFO     | ⚙️ Проверка фильтров 133456350 для 1 каналов...
22:59:58 | INFO     | 🎯 [ID: 133456350] Совпадение для канала 1463802595931062374! Тип: LOCATION_WATCH
22:59:59 | INFO     | Generated image (1075x500): killmail_images/kill_133456350.png
23:00:00 | INFO     | ✅ Kill notification sent to 1463802595931062374 with image
23:00:00 | INFO     | ✅ Уведомление отправлено в канал 1463802595931062374
23:00:00 | INFO     | ✅ KillID 133456350 обработан. Совпадений: 1
23:01:45 | INFO     | 📡 [LISTENER] Получен KillID: 133456472. Добавляю в очередь...
23:01:45 | INFO     | 📥 [PROCESSOR] Начинаю обработку KillID: 133456472
23:01:45 | INFO     | 🔍 Запрос хэша для 133456472 у zKillboard...
23:01:45 | INFO     | ✅ [LISTENER] KillID 133456472 добавлен. Размер очереди: 0
23:01:46 | INFO     | 📡 [LISTENER] Получен KillID: 133456470. Добавляю в очередь...
23:01:46 | INFO     | ✅ [LISTENER] KillID 133456470 добавлен. Размер очереди: 1
23:01:46 | INFO     | 🌐 Запрос детальных данных для 133456472 из ESI...
23:01:46 | INFO     | 📡 [LISTENER] Получен KillID: 133456461. Добавляю в очередь...
23:01:46 | INFO     | ✅ [LISTENER] KillID 133456461 добавлен. Размер очереди: 2
23:01:46 | INFO     | 📡 [LISTENER] Получен KillID: 133456459. Добавляю в очередь...
23:01:46 | INFO     | ✅ [LISTENER] KillID 133456459 добавлен. Размер очереди: 3
23:01:46 | INFO     | ⚙️ Проверка фильтров 133456472 для 1 каналов...
23:01:46 | INFO     | 🎯 [ID: 133456472] Совпадение для канала 1463802595931062374! Тип: PRIORITY_TARGET
23:01:46 | INFO     | 📡 [LISTENER] Получен KillID: 133456435. Добавляю в очередь...
23:01:46 | INFO     | ✅ [LISTENER] KillID 133456435 добавлен. Размер очереди: 4
23:01:48 | INFO     | Generated image (994x500): killmail_images/kill_133456472.png
23:01:49 | INFO     | ✅ Kill notification sent to 1463802595931062374 with image
23:01:49 | INFO     | ✅ Уведомление отправлено в канал 1463802595931062374
23:01:49 | INFO     | ✅ KillID 133456472 обработан. Совпадений: 1
23:01:49 | INFO     | 📥 [PROCESSOR] Начинаю обработку KillID: 133456470
23:01:49 | INFO     | 🔍 Запрос хэша для 133456470 у zKillboard...
23:01:49 | INFO     | 🌐 Запрос детальных данных для 133456470 из ESI...
23:01:50 | INFO     | ⚙️ Проверка фильтров 133456470 для 1 каналов...
23:01:50 | INFO     | 🎯 [ID: 133456470] Совпадение для канала 1463802595931062374! Тип: LOCATION_WATCH
23:01:50 | INFO     | Generated image (1107x500): killmail_images/kill_133456470.png
23:01:51 | INFO     | ✅ Kill notification sent to 1463802595931062374 with image
23:01:51 | INFO     | ✅ Уведомление отправлено в канал 1463802595931062374
23:01:51 | INFO     | ✅ KillID 133456470 обработан. Совпадений: 1
23:01:51 | INFO     | 📥 [PROCESSOR] Начинаю обработку KillID: 133456461
23:01:51 | INFO     | 🔍 Запрос хэша для 133456461 у zKillboard...
23:01:52 | INFO     | 🌐 Запрос детальных данных для 133456461 из ESI...
23:01:52 | INFO     | ⚙️ Проверка фильтров 133456461 для 1 каналов...
23:01:52 | INFO     | 🎯 [ID: 133456461] Совпадение для канала 1463802595931062374! Тип: PRIORITY_TARGET
23:01:52 | INFO     | Generated image (1130x500): killmail_images/kill_133456461.png
23:01:53 | INFO     | ✅ Kill notification sent to 1463802595931062374 with image
23:01:53 | INFO     | ✅ Уведомление отправлено в канал 1463802595931062374
23:01:53 | INFO     | ✅ KillID 133456461 обработан. Совпадений: 1
23:01:53 | INFO     | 📥 [PROCESSOR] Начинаю обработку KillID: 133456459
23:01:53 | INFO     | 🔍 Запрос хэша для 133456459 у zKillboard...
23:01:53 | INFO     | 🌐 Запрос детальных данных для 133456459 из ESI...
23:01:54 | INFO     | ⚙️ Проверка фильтров 133456459 для 1 каналов...
23:01:54 | INFO     | 🎯 [ID: 133456459] Совпадение для канала 1463802595931062374! Тип: LOCATION_WATCH
23:01:54 | INFO     | Generated image (1079x500): killmail_images/kill_133456459.png
23:01:56 | INFO     | ✅ Kill notification sent to 1463802595931062374 with image
23:01:56 | INFO     | ✅ Уведомление отправлено в канал 1463802595931062374
23:01:56 | INFO     | ✅ KillID 133456459 обработан. Совпадений: 1
23:01:56 | INFO     | 📥 [PROCESSOR] Начинаю обработку KillID: 133456435
23:01:56 | INFO     | 🔍 Запрос хэша для 133456435 у zKillboard...
23:01:56 | INFO     | 🌐 Запрос детальных данных для 133456435 из ESI...
23:01:56 | INFO     | ⚙️ Проверка фильтров 133456435 для 1 каналов...
23:01:56 | INFO     | 🎯 [ID: 133456435] Совпадение для канала 1463802595931062374! Тип: LOCATION_WATCH
23:01:57 | INFO     | Generated image (1053x500): killmail_images/kill_133456435.png
23:01:58 | INFO     | ✅ Kill notification sent to 1463802595931062374 with image
23:01:58 | INFO     | ✅ Уведомление отправлено в канал 1463802595931062374
23:01:58 | INFO     | ✅ KillID 133456435 обработан. Совпадений: 1
23:02:35 | INFO     | 📡 [LISTENER] Получен KillID: 133456448. Добавляю в очередь...
23:02:35 | INFO     | 📥 [PROCESSOR] Начинаю обработку KillID: 133456448
23:02:35 | INFO     | 🔍 Запрос хэша для 133456448 у zKillboard...
23:02:35 | INFO     | ✅ [LISTENER] KillID 133456448 добавлен. Размер очереди: 0
23:02:35 | INFO     | 📡 [LISTENER] Получен KillID: 133456415. Добавляю в очередь...
23:02:35 | INFO     | ✅ [LISTENER] KillID 133456415 добавлен. Размер очереди: 1
23:02:35 | INFO     | 🌐 Запрос детальных данных для 133456448 из ESI...
23:02:36 | INFO     | ⚙️ Проверка фильтров 133456448 для 1 каналов...
23:02:36 | INFO     | 🎯 [ID: 133456448] Совпадение для канала 1463802595931062374! Тип: PRIORITY_TARGET
23:02:38 | INFO     | Generated image (1091x500): killmail_images/kill_133456448.png
23:02:40 | INFO     | ✅ Kill notification sent to 1463802595931062374 with image
23:02:40 | INFO     | ✅ Уведомление отправлено в канал 1463802595931062374
23:02:40 | INFO     | ✅ KillID 133456448 обработан. Совпадений: 1
23:02:40 | INFO     | 📥 [PROCESSOR] Начинаю обработку KillID: 133456415
23:02:40 | INFO     | 🔍 Запрос хэша для 133456415 у zKillboard...
23:02:40 | INFO     | 🌐 Запрос детальных данных для 133456415 из ESI...
23:02:40 | INFO     | ⚙️ Проверка фильтров 133456415 для 1 каналов...
23:02:40 | INFO     | 🎯 [ID: 133456415] Совпадение для канала 1463802595931062374! Тип: LOCATION_WATCH
23:02:41 | INFO     | Generated image (1091x500): killmail_images/kill_133456415.png
23:02:42 | INFO     | ✅ Kill notification sent to 1463802595931062374 with image
23:02:42 | INFO     | ✅ Уведомление отправлено в канал 1463802595931062374
23:02:42 | INFO     | ✅ KillID 133456415 обработан. Совпадений: 1
23:03:02 | INFO     | 📡 [LISTENER] Получен KillID: 133456504. Добавляю в очередь...
23:03:02 | INFO     | 📥 [PROCESSOR] Начинаю обработку KillID: 133456504
23:03:02 | INFO     | 🔍 Запрос хэша для 133456504 у zKillboard...
23:03:02 | INFO     | ✅ [LISTENER] KillID 133456504 добавлен. Размер очереди: 0
23:03:02 | INFO     | 🌐 Запрос детальных данных для 133456504 из ESI...
23:03:03 | INFO     | ⚙️ Проверка фильтров 133456504 для 1 каналов...
23:03:03 | INFO     | 🎯 [ID: 133456504] Совпадение для канала 1463802595931062374! Тип: LOCATION_WATCH
23:03:05 | INFO     | Generated image (1090x500): killmail_images/kill_133456504.png
23:03:06 | INFO     | ✅ Kill notification sent to 1463802595931062374 with image
23:03:06 | INFO     | ✅ Уведомление отправлено в канал 1463802595931062374
23:03:06 | INFO     | ✅ KillID 133456504 обработан. Совпадений: 1
23:04:27 | INFO     | 🛑 Shutdown signal received
23:04:28 | INFO     | 🛑 Stopping workers...
23:04:28 | INFO     | 🛑 Processor получил сигнал остановки
23:04:28 | INFO     | 🛑 Listener получил сигнал остановки
23:04:28 | INFO     | 📊 Мониторинг ресурсов остановлен
23:04:28 | INFO     | 📊 Итоговая статистика мониторинга:
   • Время работы: 0:08:20
   • Пик соединений: 7
   • Пик памяти: 58.3 МБ
   • Пик CPU: 10.0%
   • Проверок выполнено: 9
23:04:28 | INFO     | 📊 Monitoring system stopped
23:04:28 | INFO     | 🔌 Closing connections...
23:04:29 | INFO     | 👋 EVE KillBot stopped. o7
23:04:34 | WARNING  | PyNaCl is not installed, voice will NOT be supported
23:04:34 | INFO     | 🚀 Starting EVE KillBot...
23:04:34 | INFO     | --- MONITORING SYSTEM STARTING ---
23:04:38 | INFO     | ✅ Discord bot ready
23:04:38 | INFO     | 📊 Конфиг загружен: 23 фильтров, 1 каналов
23:04:38 | INFO     | 🚀 Starting workers for 1 channels
23:04:38 | INFO     | 📊 Мониторинг ресурсов запущен (интервал: 60с)
23:04:38 | INFO     | 🔗 Подключение к WebSocket zKillboard...
23:04:38 | INFO     | ⚙️ Многоканальный обработчик событий запущен...
23:04:38 | INFO     | 🔥 [PROCESSOR] СЕССИЯ ОТКРЫТА, НАЧИНАЮ ОБРАБОТКУ...
23:04:39 | INFO     | ✅ Успешное подключение к zKillboard WebSocket
23:04:39 | INFO     | 📡 Подготовка подписок на 23 каналов...
23:04:39 | INFO     | ✅ Подписка на killstream установлена
23:04:42 | INFO     | ✅ Все подписки (23) отправлены zKillboard
23:04:45 | INFO     | 📡 [LISTENER] Получен KillID: 133456541. Добавляю в очередь...
23:04:45 | INFO     | 📥 [PROCESSOR] Начинаю обработку KillID: 133456541
23:04:45 | INFO     | 🔍 Запрос хэша для 133456541 у zKillboard...
23:04:45 | INFO     | ✅ [LISTENER] KillID 133456541 добавлен. Размер очереди: 0
23:04:45 | INFO     | 🌐 Запрос детальных данных для 133456541 из ESI...
23:04:45 | INFO     | ⚙️ Проверка фильтров 133456541 для 1 каналов...
23:04:45 | INFO     | 🎯 [ID: 133456541] Совпадение для канала 1463802595931062374! Тип: LOCATION_WATCH
23:04:47 | INFO     | ✅ Image generated in 0.79s: killmail_images/kill_133456541.png
23:04:48 | INFO     | ✅ Kill notification sent to 1463802595931062374 with image
23:04:48 | INFO     | ✅ Уведомление отправлено в канал 1463802595931062374
23:04:48 | INFO     | ✅ KillID 133456541 обработан. Совпадений: 1
23:06:50 | INFO     | 📡 [LISTENER] Получен KillID: 133456619. Добавляю в очередь...
23:06:50 | INFO     | 📥 [PROCESSOR] Начинаю обработку KillID: 133456619
23:06:50 | INFO     | 🔍 Запрос хэша для 133456619 у zKillboard...
23:06:50 | INFO     | ✅ [LISTENER] KillID 133456619 добавлен. Размер очереди: 0
23:06:50 | INFO     | 🌐 Запрос детальных данных для 133456619 из ESI...
23:06:50 | INFO     | 📡 [LISTENER] Получен KillID: 133456614. Добавляю в очередь...
23:06:50 | INFO     | ✅ [LISTENER] KillID 133456614 добавлен. Размер очереди: 1
23:06:50 | INFO     | ⚙️ Проверка фильтров 133456619 для 1 каналов...
23:06:50 | INFO     | 🎯 [ID: 133456619] Совпадение для канала 1463802595931062374! Тип: LOCATION_WATCH
23:06:50 | INFO     | 📡 [LISTENER] Получен KillID: 133456564. Добавляю в очередь...
23:06:50 | INFO     | ✅ [LISTENER] KillID 133456564 добавлен. Размер очереди: 2
23:06:52 | INFO     | ✅ Image generated in 0.64s: killmail_images/kill_133456619.png
23:06:53 | INFO     | ✅ Kill notification sent to 1463802595931062374 with image
23:06:53 | INFO     | ✅ Уведомление отправлено в канал 1463802595931062374
23:06:53 | INFO     | ✅ KillID 133456619 обработан. Совпадений: 1
23:06:53 | INFO     | 📥 [PROCESSOR] Начинаю обработку KillID: 133456614
23:06:53 | INFO     | 🔍 Запрос хэша для 133456614 у zKillboard...
23:06:53 | INFO     | 🌐 Запрос детальных данных для 133456614 из ESI...
23:06:53 | INFO     | ⚙️ Проверка фильтров 133456614 для 1 каналов...
23:06:53 | INFO     | 🎯 [ID: 133456614] Совпадение для канала 1463802595931062374! Тип: LOCATION_WATCH
23:06:53 | INFO     | ✅ Image generated in 0.24s: killmail_images/kill_133456614.png
23:06:54 | INFO     | ✅ Kill notification sent to 1463802595931062374 with image
23:06:54 | INFO     | ✅ Уведомление отправлено в канал 1463802595931062374
23:06:54 | INFO     | ✅ KillID 133456614 обработан. Совпадений: 1
23:06:54 | INFO     | 📥 [PROCESSOR] Начинаю обработку KillID: 133456564
23:06:54 | INFO     | 🔍 Запрос хэша для 133456564 у zKillboard...
23:06:54 | INFO     | 🌐 Запрос детальных данных для 133456564 из ESI...
23:06:54 | INFO     | ⚙️ Проверка фильтров 133456564 для 1 каналов...
23:06:54 | INFO     | 🎯 [ID: 133456564] Совпадение для канала 1463802595931062374! Тип: LOCATION_WATCH
23:06:55 | INFO     | ✅ Image generated in 0.50s: killmail_images/kill_133456564.png
23:06:56 | INFO     | ✅ Kill notification sent to 1463802595931062374 with image
23:06:56 | INFO     | ✅ Уведомление отправлено в канал 1463802595931062374
23:06:56 | INFO     | ✅ KillID 133456564 обработан. Совпадений: 1
23:07:57 | WARNING  | ⚠️ WebSocket соединение закрыто: sent 1011 (internal error) keepalive ping timeout; no close frame received. Переподключение через 5 сек...
23:08:02 | INFO     | ✅ Успешное подключение к zKillboard WebSocket
23:08:02 | INFO     | 📡 Подготовка подписок на 23 каналов...
23:08:03 | INFO     | ✅ Подписка на killstream установлена
23:08:05 | INFO     | ✅ Все подписки (23) отправлены zKillboard
23:08:44 | INFO     | 📡 [LISTENER] Получен KillID: 133456579. Добавляю в очередь...
23:08:44 | INFO     | 📥 [PROCESSOR] Начинаю обработку KillID: 133456579
23:08:44 | INFO     | 🔍 Запрос хэша для 133456579 у zKillboard...
23:08:44 | INFO     | ✅ [LISTENER] KillID 133456579 добавлен. Размер очереди: 0
23:08:44 | INFO     | 🌐 Запрос детальных данных для 133456579 из ESI...
23:08:44 | INFO     | ⚙️ Проверка фильтров 133456579 для 1 каналов...
23:08:44 | INFO     | 🎯 [ID: 133456579] Совпадение для канала 1463802595931062374! Тип: LOCATION_WATCH
23:08:45 | ERROR    | ❌ Error generating image: An asyncio.Future, a coroutine or an awaitable is required
Traceback (most recent call last):
  File "/home/curvabober/projects/eve/eve-zkill-notifier/src/image_generator_large.py", line 275, in generate_killmail_image
    images = await asyncio.gather(
  File "/home/curvabober/miniconda3/envs/eve_bot/lib/python3.10/asyncio/tasks.py", line 783, in gather
    fut = _ensure_future(arg, loop=loop)
  File "/home/curvabober/miniconda3/envs/eve_bot/lib/python3.10/asyncio/tasks.py", line 630, in _ensure_future
    raise TypeError('An asyncio.Future, a coroutine or an awaitable '
TypeError: An asyncio.Future, a coroutine or an awaitable is required
23:08:46 | INFO     | ✅ Kill notification sent to 1463802595931062374 with embed
23:08:46 | INFO     | ✅ Уведомление отправлено в канал 1463802595931062374
23:08:46 | INFO     | ✅ KillID 133456579 обработан. Совпадений: 1
23:09:09 | INFO     | 📡 [LISTENER] Получен KillID: 133456552. Добавляю в очередь...
23:09:09 | INFO     | 📥 [PROCESSOR] Начинаю обработку KillID: 133456552
23:09:09 | INFO     | 🔍 Запрос хэша для 133456552 у zKillboard...
23:09:09 | INFO     | ✅ [LISTENER] KillID 133456552 добавлен. Размер очереди: 0
23:09:09 | INFO     | 📡 [LISTENER] Получен KillID: 133456513. Добавляю в очередь...
23:09:09 | INFO     | ✅ [LISTENER] KillID 133456513 добавлен. Размер очереди: 1
23:09:10 | INFO     | 🌐 Запрос детальных данных для 133456552 из ESI...
23:09:10 | INFO     | ⚙️ Проверка фильтров 133456552 для 1 каналов...
23:09:10 | INFO     | 🎯 [ID: 133456552] Совпадение для канала 1463802595931062374! Тип: LOCATION_WATCH
23:09:10 | ERROR    | ❌ Error generating image: An asyncio.Future, a coroutine or an awaitable is required
Traceback (most recent call last):
  File "/home/curvabober/projects/eve/eve-zkill-notifier/src/image_generator_large.py", line 275, in generate_killmail_image
    images = await asyncio.gather(
  File "/home/curvabober/miniconda3/envs/eve_bot/lib/python3.10/asyncio/tasks.py", line 783, in gather
    fut = _ensure_future(arg, loop=loop)
  File "/home/curvabober/miniconda3/envs/eve_bot/lib/python3.10/asyncio/tasks.py", line 630, in _ensure_future
    raise TypeError('An asyncio.Future, a coroutine or an awaitable '
TypeError: An asyncio.Future, a coroutine or an awaitable is required
23:09:11 | INFO     | ✅ Kill notification sent to 1463802595931062374 with embed
23:09:11 | INFO     | ✅ Уведомление отправлено в канал 1463802595931062374
23:09:11 | INFO     | ✅ KillID 133456552 обработан. Совпадений: 1
23:09:11 | INFO     | 📥 [PROCESSOR] Начинаю обработку KillID: 133456513
23:09:11 | INFO     | 🔍 Запрос хэша для 133456513 у zKillboard...
23:09:11 | INFO     | 🌐 Запрос детальных данных для 133456513 из ESI...
23:09:11 | INFO     | ⚙️ Проверка фильтров 133456513 для 1 каналов...
23:09:11 | INFO     | 🎯 [ID: 133456513] Совпадение для канала 1463802595931062374! Тип: LOCATION_WATCH
23:09:11 | ERROR    | ❌ Error generating image: An asyncio.Future, a coroutine or an awaitable is required
Traceback (most recent call last):
  File "/home/curvabober/projects/eve/eve-zkill-notifier/src/image_generator_large.py", line 275, in generate_killmail_image
    images = await asyncio.gather(
  File "/home/curvabober/miniconda3/envs/eve_bot/lib/python3.10/asyncio/tasks.py", line 783, in gather
    fut = _ensure_future(arg, loop=loop)
  File "/home/curvabober/miniconda3/envs/eve_bot/lib/python3.10/asyncio/tasks.py", line 630, in _ensure_future
    raise TypeError('An asyncio.Future, a coroutine or an awaitable '
TypeError: An asyncio.Future, a coroutine or an awaitable is required
23:09:12 | INFO     | ✅ Kill notification sent to 1463802595931062374 with embed
23:09:12 | INFO     | ✅ Уведомление отправлено в канал 1463802595931062374
23:09:12 | INFO     | ✅ KillID 133456513 обработан. Совпадений: 1
23:12:02 | INFO     | 📡 [LISTENER] Получен KillID: 133456686. Добавляю в очередь...
23:12:02 | INFO     | 📥 [PROCESSOR] Начинаю обработку KillID: 133456686
23:12:02 | INFO     | 🔍 Запрос хэша для 133456686 у zKillboard...
23:12:02 | INFO     | ✅ [LISTENER] KillID 133456686 добавлен. Размер очереди: 0
23:12:02 | INFO     | 📡 [LISTENER] Получен KillID: 133456685. Добавляю в очередь...
23:12:02 | INFO     | ✅ [LISTENER] KillID 133456685 добавлен. Размер очереди: 1
23:12:02 | INFO     | 📡 [LISTENER] Получен KillID: 133456683. Добавляю в очередь...
23:12:02 | INFO     | ✅ [LISTENER] KillID 133456683 добавлен. Размер очереди: 2
23:12:02 | INFO     | 📡 [LISTENER] Получен KillID: 133456682. Добавляю в очередь...
23:12:02 | INFO     | ✅ [LISTENER] KillID 133456682 добавлен. Размер очереди: 3
23:12:02 | INFO     | 🌐 Запрос детальных данных для 133456686 из ESI...
23:12:03 | INFO     | 📡 [LISTENER] Получен KillID: 133456681. Добавляю в очередь...
23:12:03 | INFO     | ✅ [LISTENER] KillID 133456681 добавлен. Размер очереди: 4
23:12:03 | INFO     | ⚙️ Проверка фильтров 133456686 для 1 каналов...
23:12:03 | INFO     | 🎯 [ID: 133456686] Совпадение для канала 1463802595931062374! Тип: PRIORITY_TARGET
23:12:04 | INFO     | ✅ Image generated in 0.56s: killmail_images/kill_133456686.png
23:12:06 | INFO     | ✅ Kill notification sent to 1463802595931062374 with image
23:12:06 | INFO     | ✅ Уведомление отправлено в канал 1463802595931062374
23:12:06 | INFO     | ✅ KillID 133456686 обработан. Совпадений: 1
23:12:06 | INFO     | 📥 [PROCESSOR] Начинаю обработку KillID: 133456685
23:12:06 | INFO     | 🔍 Запрос хэша для 133456685 у zKillboard...
23:12:06 | INFO     | 🌐 Запрос детальных данных для 133456685 из ESI...
23:12:06 | INFO     | ⚙️ Проверка фильтров 133456685 для 1 каналов...
23:12:06 | INFO     | 🎯 [ID: 133456685] Совпадение для канала 1463802595931062374! Тип: PRIORITY_TARGET
23:12:06 | INFO     | ✅ Image generated in 0.24s: killmail_images/kill_133456685.png
23:12:08 | INFO     | ✅ Kill notification sent to 1463802595931062374 with image
23:12:08 | INFO     | ✅ Уведомление отправлено в канал 1463802595931062374
23:12:08 | INFO     | ✅ KillID 133456685 обработан. Совпадений: 1
23:12:08 | INFO     | 📥 [PROCESSOR] Начинаю обработку KillID: 133456683
23:12:08 | INFO     | 🔍 Запрос хэша для 133456683 у zKillboard...
23:12:08 | INFO     | 🌐 Запрос детальных данных для 133456683 из ESI...
23:12:08 | INFO     | ⚙️ Проверка фильтров 133456683 для 1 каналов...
23:12:08 | INFO     | 🎯 [ID: 133456683] Совпадение для канала 1463802595931062374! Тип: PRIORITY_TARGET
23:12:09 | INFO     | ✅ Image generated in 0.36s: killmail_images/kill_133456683.png
23:12:09 | INFO     | 📡 [LISTENER] Получен KillID: 133456678. Добавляю в очередь...
23:12:09 | INFO     | ✅ [LISTENER] KillID 133456678 добавлен. Размер очереди: 3
23:12:10 | INFO     | ✅ Kill notification sent to 1463802595931062374 with image
23:12:10 | INFO     | ✅ Уведомление отправлено в канал 1463802595931062374
23:12:10 | INFO     | ✅ KillID 133456683 обработан. Совпадений: 1
23:12:10 | INFO     | 📥 [PROCESSOR] Начинаю обработку KillID: 133456682
23:12:10 | INFO     | 🔍 Запрос хэша для 133456682 у zKillboard...
23:12:10 | INFO     | 🌐 Запрос детальных данных для 133456682 из ESI...
23:12:10 | INFO     | ⚙️ Проверка фильтров 133456682 для 1 каналов...
23:12:10 | INFO     | 🎯 [ID: 133456682] Совпадение для канала 1463802595931062374! Тип: PRIORITY_TARGET
23:12:10 | INFO     | ✅ Image generated in 0.25s: killmail_images/kill_133456682.png
23:12:11 | INFO     | ✅ Kill notification sent to 1463802595931062374 with image
23:12:11 | INFO     | ✅ Уведомление отправлено в канал 1463802595931062374
23:12:11 | INFO     | ✅ KillID 133456682 обработан. Совпадений: 1
23:12:11 | INFO     | 📥 [PROCESSOR] Начинаю обработку KillID: 133456681
23:12:11 | INFO     | 🔍 Запрос хэша для 133456681 у zKillboard...
23:12:11 | INFO     | 🌐 Запрос детальных данных для 133456681 из ESI...
23:12:12 | INFO     | ⚙️ Проверка фильтров 133456681 для 1 каналов...
23:12:12 | INFO     | 🎯 [ID: 133456681] Совпадение для канала 1463802595931062374! Тип: PRIORITY_TARGET
23:12:12 | INFO     | ✅ Image generated in 0.30s: killmail_images/kill_133456681.png
23:12:13 | INFO     | ✅ Kill notification sent to 1463802595931062374 with image
23:12:13 | INFO     | ✅ Уведомление отправлено в канал 1463802595931062374
23:12:13 | INFO     | ✅ KillID 133456681 обработан. Совпадений: 1
23:12:13 | INFO     | 📥 [PROCESSOR] Начинаю обработку KillID: 133456678
23:12:13 | INFO     | 🔍 Запрос хэша для 133456678 у zKillboard...
23:12:13 | INFO     | 🌐 Запрос детальных данных для 133456678 из ESI...
23:12:13 | INFO     | ⚙️ Проверка фильтров 133456678 для 1 каналов...
23:12:13 | INFO     | 🎯 [ID: 133456678] Совпадение для канала 1463802595931062374! Тип: LOCATION_WATCH
23:12:13 | INFO     | ✅ Image generated in 0.11s: killmail_images/kill_133456678.png
23:12:15 | INFO     | ✅ Kill notification sent to 1463802595931062374 with image
23:12:15 | INFO     | ✅ Уведомление отправлено в канал 1463802595931062374
23:12:15 | INFO     | ✅ KillID 133456678 обработан. Совпадений: 1
23:14:45 | INFO     | 📡 [LISTENER] Получен KillID: 133456714. Добавляю в очередь...
23:14:45 | INFO     | 📥 [PROCESSOR] Начинаю обработку KillID: 133456714
23:14:45 | INFO     | 🔍 Запрос хэша для 133456714 у zKillboard...
23:14:45 | INFO     | ✅ [LISTENER] KillID 133456714 добавлен. Размер очереди: 0
23:14:45 | INFO     | 📡 [LISTENER] Получен KillID: 133456549. Добавляю в очередь...
23:14:45 | INFO     | ✅ [LISTENER] KillID 133456549 добавлен. Размер очереди: 1
23:14:45 | INFO     | 📡 [LISTENER] Получен KillID: 133456528. Добавляю в очередь...
23:14:45 | INFO     | ✅ [LISTENER] KillID 133456528 добавлен. Размер очереди: 2
23:14:46 | INFO     | 🌐 Запрос детальных данных для 133456714 из ESI...
23:14:48 | INFO     | ⚙️ Проверка фильтров 133456714 для 1 каналов...
23:14:48 | INFO     | 🎯 [ID: 133456714] Совпадение для канала 1463802595931062374! Тип: LOCATION_WATCH
23:14:49 | ERROR    | ❌ Error generating image: An asyncio.Future, a coroutine or an awaitable is required
Traceback (most recent call last):
  File "/home/curvabober/projects/eve/eve-zkill-notifier/src/image_generator_large.py", line 275, in generate_killmail_image
    images = await asyncio.gather(
  File "/home/curvabober/miniconda3/envs/eve_bot/lib/python3.10/asyncio/tasks.py", line 783, in gather
    fut = _ensure_future(arg, loop=loop)
  File "/home/curvabober/miniconda3/envs/eve_bot/lib/python3.10/asyncio/tasks.py", line 630, in _ensure_future
    raise TypeError('An asyncio.Future, a coroutine or an awaitable '
TypeError: An asyncio.Future, a coroutine or an awaitable is required
23:14:53 | INFO     | ✅ Kill notification sent to 1463802595931062374 with embed
23:14:53 | INFO     | ✅ Уведомление отправлено в канал 1463802595931062374
23:14:53 | INFO     | ✅ KillID 133456714 обработан. Совпадений: 1
23:14:53 | INFO     | 📥 [PROCESSOR] Начинаю обработку KillID: 133456549
23:14:53 | INFO     | 🔍 Запрос хэша для 133456549 у zKillboard...
23:14:53 | INFO     | 🌐 Запрос детальных данных для 133456549 из ESI...
23:14:53 | INFO     | ⚙️ Проверка фильтров 133456549 для 1 каналов...
23:14:53 | INFO     | 🎯 [ID: 133456549] Совпадение для канала 1463802595931062374! Тип: LOCATION_WATCH
23:14:53 | ERROR    | ❌ Error generating image: An asyncio.Future, a coroutine or an awaitable is required
Traceback (most recent call last):
  File "/home/curvabober/projects/eve/eve-zkill-notifier/src/image_generator_large.py", line 275, in generate_killmail_image
    images = await asyncio.gather(
  File "/home/curvabober/miniconda3/envs/eve_bot/lib/python3.10/asyncio/tasks.py", line 783, in gather
    fut = _ensure_future(arg, loop=loop)
  File "/home/curvabober/miniconda3/envs/eve_bot/lib/python3.10/asyncio/tasks.py", line 630, in _ensure_future
    raise TypeError('An asyncio.Future, a coroutine or an awaitable '
TypeError: An asyncio.Future, a coroutine or an awaitable is required
23:14:54 | INFO     | ✅ Kill notification sent to 1463802595931062374 with embed
23:14:54 | INFO     | ✅ Уведомление отправлено в канал 1463802595931062374
23:14:54 | INFO     | ✅ KillID 133456549 обработан. Совпадений: 1
23:14:54 | INFO     | 📥 [PROCESSOR] Начинаю обработку KillID: 133456528
23:14:54 | INFO     | 🔍 Запрос хэша для 133456528 у zKillboard...
23:14:54 | INFO     | 🌐 Запрос детальных данных для 133456528 из ESI...
23:14:54 | INFO     | ⚙️ Проверка фильтров 133456528 для 1 каналов...
23:14:54 | INFO     | 🎯 [ID: 133456528] Совпадение для канала 1463802595931062374! Тип: LOCATION_WATCH
23:14:54 | ERROR    | ❌ Error generating image: An asyncio.Future, a coroutine or an awaitable is required
Traceback (most recent call last):
  File "/home/curvabober/projects/eve/eve-zkill-notifier/src/image_generator_large.py", line 275, in generate_killmail_image
    images = await asyncio.gather(
  File "/home/curvabober/miniconda3/envs/eve_bot/lib/python3.10/asyncio/tasks.py", line 783, in gather
    fut = _ensure_future(arg, loop=loop)
  File "/home/curvabober/miniconda3/envs/eve_bot/lib/python3.10/asyncio/tasks.py", line 630, in _ensure_future
    raise TypeError('An asyncio.Future, a coroutine or an awaitable '
TypeError: An asyncio.Future, a coroutine or an awaitable is required
23:14:55 | INFO     | ✅ Kill notification sent to 1463802595931062374 with embed
23:14:55 | INFO     | ✅ Уведомление отправлено в канал 1463802595931062374
23:14:55 | INFO     | ✅ KillID 133456528 обработан. Совпадений: 1
23:15:23 | INFO     | 📡 [LISTENER] Получен KillID: 133456737. Добавляю в очередь...
23:15:23 | INFO     | 📥 [PROCESSOR] Начинаю обработку KillID: 133456737
23:15:23 | INFO     | 🔍 Запрос хэша для 133456737 у zKillboard...
23:15:23 | INFO     | ✅ [LISTENER] KillID 133456737 добавлен. Размер очереди: 0
23:15:23 | INFO     | 🌐 Запрос детальных данных для 133456737 из ESI...
23:15:24 | INFO     | ⚙️ Проверка фильтров 133456737 для 1 каналов...
23:15:24 | INFO     | 🎯 [ID: 133456737] Совпадение для канала 1463802595931062374! Тип: LOCATION_WATCH
23:15:26 | INFO     | ✅ Image generated in 1.23s: killmail_images/kill_133456737.png
23:15:28 | INFO     | ✅ Kill notification sent to 1463802595931062374 with image
23:15:28 | INFO     | ✅ Уведомление отправлено в канал 1463802595931062374
23:15:28 | INFO     | ✅ KillID 133456737 обработан. Совпадений: 1
23:15:35 | INFO     | 📡 [LISTENER] Получен KillID: 133456817. Добавляю в очередь...
23:15:35 | INFO     | 📥 [PROCESSOR] Начинаю обработку KillID: 133456817
23:15:35 | INFO     | 🔍 Запрос хэша для 133456817 у zKillboard...
23:15:35 | INFO     | ✅ [LISTENER] KillID 133456817 добавлен. Размер очереди: 0
23:15:35 | INFO     | 📡 [LISTENER] Получен KillID: 133456816. Добавляю в очередь...
23:15:35 | INFO     | ✅ [LISTENER] KillID 133456816 добавлен. Размер очереди: 1
23:15:35 | INFO     | 📡 [LISTENER] Получен KillID: 133456815. Добавляю в очередь...
23:15:35 | INFO     | ✅ [LISTENER] KillID 133456815 добавлен. Размер очереди: 2
23:15:35 | INFO     | 📡 [LISTENER] Получен KillID: 133456814. Добавляю в очередь...
23:15:35 | INFO     | ✅ [LISTENER] KillID 133456814 добавлен. Размер очереди: 3
23:15:35 | INFO     | 📡 [LISTENER] Получен KillID: 133456771. Добавляю в очередь...
23:15:35 | INFO     | ✅ [LISTENER] KillID 133456771 добавлен. Размер очереди: 4
23:15:35 | INFO     | 📡 [LISTENER] Получен KillID: 133456770. Добавляю в очередь...
23:15:35 | INFO     | ✅ [LISTENER] KillID 133456770 добавлен. Размер очереди: 5
23:15:35 | INFO     | 📡 [LISTENER] Получен KillID: 133456769. Добавляю в очередь...
23:15:35 | INFO     | ✅ [LISTENER] KillID 133456769 добавлен. Размер очереди: 6
23:15:35 | INFO     | 📡 [LISTENER] Получен KillID: 133456768. Добавляю в очередь...
23:15:35 | INFO     | ✅ [LISTENER] KillID 133456768 добавлен. Размер очереди: 7
23:15:35 | INFO     | 🌐 Запрос детальных данных для 133456817 из ESI...
23:15:35 | INFO     | ⚙️ Проверка фильтров 133456817 для 1 каналов...
23:15:35 | INFO     | 🎯 [ID: 133456817] Совпадение для канала 1463802595931062374! Тип: PRIORITY_TARGET
23:15:36 | INFO     | ✅ Image generated in 0.78s: killmail_images/kill_133456817.png
23:15:37 | INFO     | ✅ Kill notification sent to 1463802595931062374 with image
23:15:37 | INFO     | ✅ Уведомление отправлено в канал 1463802595931062374
23:15:37 | INFO     | ✅ KillID 133456817 обработан. Совпадений: 1
23:15:37 | INFO     | 📥 [PROCESSOR] Начинаю обработку KillID: 133456816
23:15:37 | INFO     | 🔍 Запрос хэша для 133456816 у zKillboard...
23:15:37 | INFO     | 🌐 Запрос детальных данных для 133456816 из ESI...
23:15:37 | INFO     | ⚙️ Проверка фильтров 133456816 для 1 каналов...
23:15:37 | INFO     | 🎯 [ID: 133456816] Совпадение для канала 1463802595931062374! Тип: PRIORITY_TARGET
23:15:38 | INFO     | ✅ Image generated in 0.36s: killmail_images/kill_133456816.png
23:15:39 | INFO     | ✅ Kill notification sent to 1463802595931062374 with image
23:15:39 | INFO     | ✅ Уведомление отправлено в канал 1463802595931062374
23:15:39 | INFO     | ✅ KillID 133456816 обработан. Совпадений: 1
23:15:39 | INFO     | 📥 [PROCESSOR] Начинаю обработку KillID: 133456815
23:15:39 | INFO     | 🔍 Запрос хэша для 133456815 у zKillboard...
23:15:39 | INFO     | 🌐 Запрос детальных данных для 133456815 из ESI...
23:15:39 | INFO     | ⚙️ Проверка фильтров 133456815 для 1 каналов...
23:15:39 | INFO     | 🎯 [ID: 133456815] Совпадение для канала 1463802595931062374! Тип: PRIORITY_TARGET
23:15:40 | INFO     | ✅ Image generated in 0.39s: killmail_images/kill_133456815.png
23:15:40 | INFO     | ✅ Kill notification sent to 1463802595931062374 with image
23:15:40 | INFO     | ✅ Уведомление отправлено в канал 1463802595931062374
23:15:40 | INFO     | ✅ KillID 133456815 обработан. Совпадений: 1
23:15:40 | INFO     | 📥 [PROCESSOR] Начинаю обработку KillID: 133456814
23:15:40 | INFO     | 🔍 Запрос хэша для 133456814 у zKillboard...
23:15:41 | INFO     | 🌐 Запрос детальных данных для 133456814 из ESI...
23:15:41 | INFO     | ⚙️ Проверка фильтров 133456814 для 1 каналов...
23:15:41 | INFO     | 🎯 [ID: 133456814] Совпадение для канала 1463802595931062374! Тип: PRIORITY_TARGET
23:15:41 | INFO     | ✅ Image generated in 0.36s: killmail_images/kill_133456814.png
23:15:42 | INFO     | ✅ Kill notification sent to 1463802595931062374 with image
23:15:42 | INFO     | ✅ Уведомление отправлено в канал 1463802595931062374
23:15:42 | INFO     | ✅ KillID 133456814 обработан. Совпадений: 1
23:15:42 | INFO     | 📥 [PROCESSOR] Начинаю обработку KillID: 133456771
23:15:42 | INFO     | 🔍 Запрос хэша для 133456771 у zKillboard...
23:15:42 | INFO     | 🌐 Запрос детальных данных для 133456771 из ESI...
23:15:42 | INFO     | ⚙️ Проверка фильтров 133456771 для 1 каналов...
23:15:42 | INFO     | 🎯 [ID: 133456771] Совпадение для канала 1463802595931062374! Тип: LOCATION_WATCH
23:15:43 | INFO     | ✅ Image generated in 0.51s: killmail_images/kill_133456771.png
23:15:44 | INFO     | ✅ Kill notification sent to 1463802595931062374 with image
23:15:44 | INFO     | ✅ Уведомление отправлено в канал 1463802595931062374
23:15:44 | INFO     | ✅ KillID 133456771 обработан. Совпадений: 1
23:15:44 | INFO     | 📥 [PROCESSOR] Начинаю обработку KillID: 133456770
23:15:44 | INFO     | 🔍 Запрос хэша для 133456770 у zKillboard...
23:15:44 | INFO     | 🌐 Запрос детальных данных для 133456770 из ESI...
23:15:44 | INFO     | ⚙️ Проверка фильтров 133456770 для 1 каналов...
23:15:44 | INFO     | 🎯 [ID: 133456770] Совпадение для канала 1463802595931062374! Тип: LOCATION_WATCH
23:15:45 | INFO     | ✅ Image generated in 0.45s: killmail_images/kill_133456770.png
23:15:46 | INFO     | ✅ Kill notification sent to 1463802595931062374 with image
23:15:46 | INFO     | ✅ Уведомление отправлено в канал 1463802595931062374
23:15:46 | INFO     | ✅ KillID 133456770 обработан. Совпадений: 1
23:15:46 | INFO     | 📥 [PROCESSOR] Начинаю обработку KillID: 133456769
23:15:46 | INFO     | 🔍 Запрос хэша для 133456769 у zKillboard...
23:15:46 | INFO     | 🌐 Запрос детальных данных для 133456769 из ESI...
23:15:46 | INFO     | ⚙️ Проверка фильтров 133456769 для 1 каналов...
23:15:46 | INFO     | 🎯 [ID: 133456769] Совпадение для канала 1463802595931062374! Тип: LOCATION_WATCH
23:15:46 | INFO     | ✅ Image generated in 0.12s: killmail_images/kill_133456769.png
23:15:48 | INFO     | ✅ Kill notification sent to 1463802595931062374 with image
23:15:48 | INFO     | ✅ Уведомление отправлено в канал 1463802595931062374
23:15:48 | INFO     | ✅ KillID 133456769 обработан. Совпадений: 1
23:15:48 | INFO     | 📥 [PROCESSOR] Начинаю обработку KillID: 133456768
23:15:48 | INFO     | 🔍 Запрос хэша для 133456768 у zKillboard...
23:15:48 | INFO     | 🌐 Запрос детальных данных для 133456768 из ESI...
23:15:48 | INFO     | ⚙️ Проверка фильтров 133456768 для 1 каналов...
23:15:48 | INFO     | 🎯 [ID: 133456768] Совпадение для канала 1463802595931062374! Тип: LOCATION_WATCH
23:15:48 | INFO     | ✅ Image generated in 0.13s: killmail_images/kill_133456768.png
23:15:49 | INFO     | ✅ Kill notification sent to 1463802595931062374 with image
23:15:49 | INFO     | ✅ Уведомление отправлено в канал 1463802595931062374
23:15:49 | INFO     | ✅ KillID 133456768 обработан. Совпадений: 1
23:15:55 | INFO     | 📡 [LISTENER] Получен KillID: 133456643. Добавляю в очередь...
23:15:55 | INFO     | 📥 [PROCESSOR] Начинаю обработку KillID: 133456643
23:15:55 | INFO     | 🔍 Запрос хэша для 133456643 у zKillboard...
23:15:55 | INFO     | ✅ [LISTENER] KillID 133456643 добавлен. Размер очереди: 0
23:15:56 | INFO     | 🌐 Запрос детальных данных для 133456643 из ESI...
23:15:56 | INFO     | ⚙️ Проверка фильтров 133456643 для 1 каналов...
23:15:56 | INFO     | 🎯 [ID: 133456643] Совпадение для канала 1463802595931062374! Тип: LOCATION_WATCH
23:15:57 | INFO     | ✅ Image generated in 0.62s: killmail_images/kill_133456643.png
23:15:59 | INFO     | ✅ Kill notification sent to 1463802595931062374 with image
23:15:59 | INFO     | ✅ Уведомление отправлено в канал 1463802595931062374
23:15:59 | INFO     | ✅ KillID 133456643 обработан. Совпадений: 1
23:16:21 | INFO     | 📡 [LISTENER] Получен KillID: 133456740. Добавляю в очередь...
23:16:21 | INFO     | 📥 [PROCESSOR] Начинаю обработку KillID: 133456740
23:16:21 | INFO     | 🔍 Запрос хэша для 133456740 у zKillboard...
23:16:21 | INFO     | ✅ [LISTENER] KillID 133456740 добавлен. Размер очереди: 0
23:16:22 | INFO     | 🌐 Запрос детальных данных для 133456740 из ESI...
23:16:23 | INFO     | ⚙️ Проверка фильтров 133456740 для 1 каналов...
23:16:23 | INFO     | 🎯 [ID: 133456740] Совпадение для канала 1463802595931062374! Тип: LOCATION_WATCH
23:16:23 | ERROR    | ❌ Error generating image: An asyncio.Future, a coroutine or an awaitable is required
Traceback (most recent call last):
  File "/home/curvabober/projects/eve/eve-zkill-notifier/src/image_generator_large.py", line 275, in generate_killmail_image
    images = await asyncio.gather(
  File "/home/curvabober/miniconda3/envs/eve_bot/lib/python3.10/asyncio/tasks.py", line 783, in gather
    fut = _ensure_future(arg, loop=loop)
  File "/home/curvabober/miniconda3/envs/eve_bot/lib/python3.10/asyncio/tasks.py", line 630, in _ensure_future
    raise TypeError('An asyncio.Future, a coroutine or an awaitable '
TypeError: An asyncio.Future, a coroutine or an awaitable is required
23:16:24 | INFO     | ✅ Kill notification sent to 1463802595931062374 with embed
23:16:24 | INFO     | ✅ Уведомление отправлено в канал 1463802595931062374
23:16:24 | INFO     | ✅ KillID 133456740 обработан. Совпадений: 1
23:17:03 | INFO     | 📡 [LISTENER] Получен KillID: 133456779. Добавляю в очередь...
23:17:03 | INFO     | 📥 [PROCESSOR] Начинаю обработку KillID: 133456779
23:17:03 | INFO     | 🔍 Запрос хэша для 133456779 у zKillboard...
23:17:03 | INFO     | ✅ [LISTENER] KillID 133456779 добавлен. Размер очереди: 0
23:17:03 | INFO     | 📡 [LISTENER] Получен KillID: 133456772. Добавляю в очередь...
23:17:03 | INFO     | ✅ [LISTENER] KillID 133456772 добавлен. Размер очереди: 1
23:17:03 | INFO     | 🌐 Запрос детальных данных для 133456779 из ESI...
23:17:04 | INFO     | ⚙️ Проверка фильтров 133456779 для 1 каналов...
23:17:04 | INFO     | 🎯 [ID: 133456779] Совпадение для канала 1463802595931062374! Тип: PRIORITY_TARGET
23:17:05 | INFO     | ✅ Image generated in 0.49s: killmail_images/kill_133456779.png
23:17:06 | INFO     | ✅ Kill notification sent to 1463802595931062374 with image
23:17:06 | INFO     | ✅ Уведомление отправлено в канал 1463802595931062374
23:17:06 | INFO     | ✅ KillID 133456779 обработан. Совпадений: 1
23:17:06 | INFO     | 📥 [PROCESSOR] Начинаю обработку KillID: 133456772
23:17:06 | INFO     | 🔍 Запрос хэша для 133456772 у zKillboard...
23:17:06 | INFO     | 🌐 Запрос детальных данных для 133456772 из ESI...
23:17:06 | INFO     | ⚙️ Проверка фильтров 133456772 для 1 каналов...
23:17:06 | INFO     | 🎯 [ID: 133456772] Совпадение для канала 1463802595931062374! Тип: LOCATION_WATCH
23:17:07 | INFO     | ✅ Image generated in 0.40s: killmail_images/kill_133456772.png
23:17:08 | INFO     | ✅ Kill notification sent to 1463802595931062374 with image
23:17:08 | INFO     | ✅ Уведомление отправлено в канал 1463802595931062374
23:17:08 | INFO     | ✅ KillID 133456772 обработан. Совпадений: 1
23:20:39 | INFO     | 📡 [LISTENER] Получен KillID: 133456874. Добавляю в очередь...
23:20:39 | INFO     | 📥 [PROCESSOR] Начинаю обработку KillID: 133456874
23:20:39 | INFO     | 🔍 Запрос хэша для 133456874 у zKillboard...
23:20:39 | INFO     | ✅ [LISTENER] KillID 133456874 добавлен. Размер очереди: 0
23:20:39 | INFO     | 📡 [LISTENER] Получен KillID: 133456873. Добавляю в очередь...
23:20:39 | INFO     | ✅ [LISTENER] KillID 133456873 добавлен. Размер очереди: 1
23:20:39 | INFO     | 📡 [LISTENER] Получен KillID: 133456859. Добавляю в очередь...
23:20:39 | INFO     | ✅ [LISTENER] KillID 133456859 добавлен. Размер очереди: 2
23:20:39 | INFO     | 📡 [LISTENER] Получен KillID: 133456858. Добавляю в очередь...
23:20:39 | INFO     | ✅ [LISTENER] KillID 133456858 добавлен. Размер очереди: 3
23:20:39 | INFO     | 🌐 Запрос детальных данных для 133456874 из ESI...
23:20:40 | INFO     | ⚙️ Проверка фильтров 133456874 для 1 каналов...
23:20:40 | INFO     | 🎯 [ID: 133456874] Совпадение для канала 1463802595931062374! Тип: PRIORITY_TARGET
23:20:41 | INFO     | ✅ Image generated in 0.61s: killmail_images/kill_133456874.png
23:20:43 | INFO     | ✅ Kill notification sent to 1463802595931062374 with image
23:20:43 | INFO     | ✅ Уведомление отправлено в канал 1463802595931062374
23:20:43 | INFO     | ✅ KillID 133456874 обработан. Совпадений: 1
23:20:43 | INFO     | 📥 [PROCESSOR] Начинаю обработку KillID: 133456873
23:20:43 | INFO     | 🔍 Запрос хэша для 133456873 у zKillboard...
23:20:43 | INFO     | 🌐 Запрос детальных данных для 133456873 из ESI...
23:20:43 | INFO     | ⚙️ Проверка фильтров 133456873 для 1 каналов...
23:20:43 | INFO     | 🎯 [ID: 133456873] Совпадение для канала 1463802595931062374! Тип: PRIORITY_TARGET
23:20:43 | INFO     | ✅ Image generated in 0.27s: killmail_images/kill_133456873.png
23:20:44 | INFO     | ✅ Kill notification sent to 1463802595931062374 with image
23:20:44 | INFO     | ✅ Уведомление отправлено в канал 1463802595931062374
23:20:44 | INFO     | ✅ KillID 133456873 обработан. Совпадений: 1
23:20:44 | INFO     | 📥 [PROCESSOR] Начинаю обработку KillID: 133456859
23:20:44 | INFO     | 🔍 Запрос хэша для 133456859 у zKillboard...
23:20:45 | INFO     | 🌐 Запрос детальных данных для 133456859 из ESI...
23:20:45 | INFO     | ⚙️ Проверка фильтров 133456859 для 1 каналов...
23:20:45 | INFO     | 🎯 [ID: 133456859] Совпадение для канала 1463802595931062374! Тип: LOCATION_WATCH
23:20:45 | INFO     | ✅ Image generated in 0.15s: killmail_images/kill_133456859.png
23:20:46 | INFO     | ✅ Kill notification sent to 1463802595931062374 with image
23:20:46 | INFO     | ✅ Уведомление отправлено в канал 1463802595931062374
23:20:46 | INFO     | ✅ KillID 133456859 обработан. Совпадений: 1
23:20:46 | INFO     | 📥 [PROCESSOR] Начинаю обработку KillID: 133456858
23:20:46 | INFO     | 🔍 Запрос хэша для 133456858 у zKillboard...
23:20:46 | INFO     | 🌐 Запрос детальных данных для 133456858 из ESI...
23:20:46 | INFO     | ⚙️ Проверка фильтров 133456858 для 1 каналов...
23:20:46 | INFO     | 🎯 [ID: 133456858] Совпадение для канала 1463802595931062374! Тип: LOCATION_WATCH
23:20:46 | INFO     | ✅ Image generated in 0.13s: killmail_images/kill_133456858.png
23:20:47 | INFO     | ✅ Kill notification sent to 1463802595931062374 with image
23:20:47 | INFO     | ✅ Уведомление отправлено в канал 1463802595931062374
23:20:47 | INFO     | ✅ KillID 133456858 обработан. Совпадений: 1
23:23:45 | INFO     | 🛑 Shutdown signal received
23:23:47 | INFO     | 🛑 Stopping workers...
23:23:47 | INFO     | 🛑 Processor получил сигнал остановки
23:23:47 | INFO     | 🛑 Listener получил сигнал остановки
23:23:47 | INFO     | 📊 Мониторинг ресурсов остановлен
23:23:47 | INFO     | 📊 Итоговая статистика мониторинга:
   • Время работы: 0:19:13
   • Пик соединений: 10
   • Пик памяти: 72.8 МБ
   • Пик CPU: 10.0%
   • Проверок выполнено: 20
23:23:47 | INFO     | 📊 Monitoring system stopped
23:23:47 | INFO     | 🔌 Closing connections...
23:23:48 | INFO     | 👋 EVE KillBot stopped. o7
23:23:50 | WARNING  | PyNaCl is not installed, voice will NOT be supported
23:23:50 | INFO     | 🚀 Starting EVE KillBot...
23:23:50 | INFO     | --- MONITORING SYSTEM STARTING ---
23:23:54 | INFO     | ✅ Discord bot ready
23:23:54 | INFO     | 🧹 Задача очистки изображений запущена (TTL: 24ч, макс: 3 файлов)
23:23:54 | INFO     | 📊 Конфиг загружен: 23 фильтров, 1 каналов
23:23:54 | INFO     | 🚀 Starting workers for 1 channels
23:23:54 | INFO     | 📊 Мониторинг ресурсов запущен (интервал: 60с)
23:23:54 | INFO     | 🔗 Подключение к WebSocket zKillboard...
23:23:54 | INFO     | ⚙️ Многоканальный обработчик событий запущен...
23:23:54 | INFO     | 🔥 [PROCESSOR] СЕССИЯ ОТКРЫТА, НАЧИНАЮ ОБРАБОТКУ...
23:23:55 | INFO     | ✅ Успешное подключение к zKillboard WebSocket
23:23:55 | INFO     | 📡 Подготовка подписок на 23 каналов...
23:23:55 | INFO     | ✅ Подписка на killstream установлена
23:23:58 | INFO     | ✅ Все подписки (23) отправлены zKillboard
23:24:30 | INFO     | 📡 [LISTENER] Получен KillID: 133457028. Добавляю в очередь...
23:24:30 | INFO     | 📥 [PROCESSOR] Начинаю обработку KillID: 133457028
23:24:30 | INFO     | 🔍 Запрос хэша для 133457028 у zKillboard...
23:24:30 | INFO     | ✅ [LISTENER] KillID 133457028 добавлен. Размер очереди: 0
23:24:30 | INFO     | 🌐 Запрос детальных данных для 133457028 из ESI...
23:24:31 | INFO     | ⚙️ Проверка фильтров 133457028 для 1 каналов...
23:24:31 | INFO     | 🎯 [ID: 133457028] Совпадение для канала 1463802595931062374! Тип: LOCATION_WATCH
23:24:31 | ERROR    | ❌ Error generating image: An asyncio.Future, a coroutine or an awaitable is required
Traceback (most recent call last):
  File "/home/curvabober/projects/eve/eve-zkill-notifier/src/image_generator_large.py", line 407, in generate_killmail_image
    images = await asyncio.gather(
  File "/home/curvabober/miniconda3/envs/eve_bot/lib/python3.10/asyncio/tasks.py", line 783, in gather
    fut = _ensure_future(arg, loop=loop)
  File "/home/curvabober/miniconda3/envs/eve_bot/lib/python3.10/asyncio/tasks.py", line 630, in _ensure_future
    raise TypeError('An asyncio.Future, a coroutine or an awaitable '
TypeError: An asyncio.Future, a coroutine or an awaitable is required
23:24:32 | INFO     | ✅ Kill notification sent to 1463802595931062374 with embed
23:24:32 | INFO     | ✅ Уведомление отправлено в канал 1463802595931062374
23:24:32 | INFO     | ✅ KillID 133457028 обработан. Совпадений: 1
23:25:11 | INFO     | 🛑 Shutdown signal received
23:25:12 | INFO     | 🛑 Stopping workers...
23:25:12 | INFO     | 🛑 Processor получил сигнал остановки
23:25:12 | INFO     | 🛑 Listener получил сигнал остановки
23:25:12 | INFO     | 📊 Мониторинг ресурсов остановлен
23:25:12 | INFO     | 📊 Итоговая статистика мониторинга:
   • Время работы: 0:01:22
   • Пик соединений: 5
   • Пик памяти: 54.6 МБ
   • Пик CPU: 0.0%
   • Проверок выполнено: 2
23:25:12 | ERROR    | ❌ Ошибка при очистке изображений: name 'time' is not defined
23:25:12 | INFO     | 🧹 Задача очистки изображений остановлена
23:25:12 | INFO     | 📊 Monitoring system stopped
23:25:12 | INFO     | 🔌 Closing connections...
23:25:13 | INFO     | 👋 EVE KillBot stopped. o7
23:29:12 | WARNING  | PyNaCl is not installed, voice will NOT be supported
23:29:12 | INFO     | 🚀 Starting EVE KillBot...
23:29:12 | INFO     | --- MONITORING SYSTEM STARTING ---
23:29:16 | INFO     | ✅ Discord bot ready
23:29:16 | INFO     | 🧹 Задача очистки изображений запущена (TTL: 24ч, макс: 3 файлов)
23:29:16 | INFO     | 📊 Конфиг загружен: 23 фильтров, 1 каналов
23:29:16 | INFO     | 🚀 Starting workers for 1 channels
23:29:16 | INFO     | 📊 Мониторинг ресурсов запущен (интервал: 60с)
23:29:16 | INFO     | 🔗 Подключение к WebSocket zKillboard...
23:29:16 | INFO     | ⚙️ Многоканальный обработчик событий запущен...
23:29:16 | INFO     | 🔥 [PROCESSOR] СЕССИЯ ОТКРЫТА, НАЧИНАЮ ОБРАБОТКУ...
23:29:18 | INFO     | ✅ Успешное подключение к zKillboard WebSocket
23:29:18 | INFO     | 📡 Подготовка подписок на 23 каналов...
23:29:18 | INFO     | ✅ Подписка на killstream установлена
23:29:20 | INFO     | ✅ Все подписки (23) отправлены zKillboard
23:29:30 | INFO     | 🛑 Shutdown signal received
23:29:30 | INFO     | 🛑 Stopping workers...
23:29:30 | INFO     | 🛑 Processor получил сигнал остановки
23:29:30 | INFO     | 🛑 Listener получил сигнал остановки
23:29:30 | INFO     | 📊 Мониторинг ресурсов остановлен
23:29:30 | INFO     | 📊 Итоговая статистика мониторинга:
   • Время работы: 0:00:18
   • Пик соединений: 2
   • Пик памяти: 48.5 МБ
   • Пик CPU: 10.0%
   • Проверок выполнено: 1
23:29:30 | ERROR    | ❌ Ошибка при очистке изображений: name 'time' is not defined
23:29:30 | INFO     | 🧹 Задача очистки изображений остановлена
23:29:30 | INFO     | 📊 Monitoring system stopped
23:29:30 | INFO     | 🔌 Closing connections...
23:29:30 | INFO     | 👋 EVE KillBot stopped. o7
23:31:37 | WARNING  | PyNaCl is not installed, voice will NOT be supported
23:31:37 | INFO     | 🚀 Starting EVE KillBot...
23:31:37 | INFO     | --- MONITORING SYSTEM STARTING ---
23:31:41 | INFO     | ✅ Discord bot ready
23:31:41 | INFO     | 🧹 Задача очистки изображений запущена (TTL: 24ч, макс: 3 файлов)
23:31:41 | INFO     | 📊 Конфиг загружен: 23 фильтров, 1 каналов
23:31:41 | INFO     | 🚀 Starting workers for 1 channels
23:31:41 | INFO     | 📊 Мониторинг ресурсов запущен (интервал: 60с)
23:31:41 | INFO     | 🔗 Подключение к WebSocket zKillboard...
23:31:41 | INFO     | ⚙️ Многоканальный обработчик событий запущен...
23:31:41 | INFO     | 🔥 [PROCESSOR] СЕССИЯ ОТКРЫТА, НАЧИНАЮ ОБРАБОТКУ...
23:31:42 | INFO     | ✅ Успешное подключение к zKillboard WebSocket
23:31:42 | INFO     | 📡 Подготовка подписок на 23 каналов...
23:31:42 | INFO     | ✅ Подписка на killstream установлена
23:31:44 | INFO     | ✅ Все подписки (23) отправлены zKillboard
23:32:28 | INFO     | 📡 [LISTENER] Получен KillID: 133457210. Добавляю в очередь...
23:32:28 | INFO     | 📥 [PROCESSOR] Начинаю обработку KillID: 133457210
23:32:28 | INFO     | 🔍 Запрос хэша для 133457210 у zKillboard...
23:32:28 | INFO     | ✅ [LISTENER] KillID 133457210 добавлен. Размер очереди: 0
23:32:28 | INFO     | 📡 [LISTENER] Получен KillID: 133457195. Добавляю в очередь...
23:32:28 | INFO     | ✅ [LISTENER] KillID 133457195 добавлен. Размер очереди: 1
23:32:28 | INFO     | 📡 [LISTENER] Получен KillID: 133457153. Добавляю в очередь...
23:32:28 | INFO     | ✅ [LISTENER] KillID 133457153 добавлен. Размер очереди: 2
23:32:28 | INFO     | 🌐 Запрос детальных данных для 133457210 из ESI...
23:32:29 | INFO     | ⚙️ Проверка фильтров 133457210 для 1 каналов...
23:32:29 | INFO     | 🎯 [ID: 133457210] Совпадение для канала 1463802595931062374! Тип: LOCATION_WATCH
23:32:30 | INFO     | ✅ Image generated in 0.77s: killmail_images/kill_133457210.png
23:32:30 | INFO     | 🧹 Очищено 66 старых изображений, освобождено 7.4 МБ
23:32:31 | INFO     | ✅ Kill notification sent to 1463802595931062374 with image
23:32:31 | INFO     | ✅ Уведомление отправлено в канал 1463802595931062374
23:32:31 | INFO     | ✅ KillID 133457210 обработан. Совпадений: 1
23:32:31 | INFO     | 📥 [PROCESSOR] Начинаю обработку KillID: 133457195
23:32:31 | INFO     | 🔍 Запрос хэша для 133457195 у zKillboard...
23:32:31 | INFO     | 🌐 Запрос детальных данных для 133457195 из ESI...
23:32:32 | INFO     | ⚙️ Проверка фильтров 133457195 для 1 каналов...
23:32:32 | INFO     | 🎯 [ID: 133457195] Совпадение для канала 1463802595931062374! Тип: LOCATION_WATCH
23:32:32 | INFO     | ✅ Image generated in 0.39s: killmail_images/kill_133457195.png
23:32:32 | INFO     | 🧹 Очищено 1 старых изображений, освобождено 0.1 МБ
23:32:33 | INFO     | ✅ Kill notification sent to 1463802595931062374 with image
23:32:33 | INFO     | ✅ Уведомление отправлено в канал 1463802595931062374
23:32:33 | INFO     | ✅ KillID 133457195 обработан. Совпадений: 1
23:32:33 | INFO     | 📥 [PROCESSOR] Начинаю обработку KillID: 133457153
23:32:33 | INFO     | 🔍 Запрос хэша для 133457153 у zKillboard...
23:32:33 | INFO     | 🌐 Запрос детальных данных для 133457153 из ESI...
23:32:34 | INFO     | ⚙️ Проверка фильтров 133457153 для 1 каналов...
23:32:34 | INFO     | 🎯 [ID: 133457153] Совпадение для канала 1463802595931062374! Тип: LOCATION_WATCH
23:32:34 | INFO     | ✅ Image generated in 0.42s: killmail_images/kill_133457153.png
23:32:34 | INFO     | 🧹 Очищено 1 старых изображений, освобождено 0.1 МБ
23:32:35 | INFO     | ✅ Kill notification sent to 1463802595931062374 with image
23:32:35 | INFO     | ✅ Уведомление отправлено в канал 1463802595931062374
23:32:35 | INFO     | ✅ KillID 133457153 обработан. Совпадений: 1
23:33:35 | INFO     | 📡 [LISTENER] Получен KillID: 133457238. Добавляю в очередь...
23:33:35 | INFO     | 📥 [PROCESSOR] Начинаю обработку KillID: 133457238
23:33:35 | INFO     | 🔍 Запрос хэша для 133457238 у zKillboard...
23:33:35 | INFO     | ✅ [LISTENER] KillID 133457238 добавлен. Размер очереди: 0
23:33:35 | INFO     | 📡 [LISTENER] Получен KillID: 133457198. Добавляю в очередь...
23:33:35 | INFO     | ✅ [LISTENER] KillID 133457198 добавлен. Размер очереди: 1
23:33:35 | INFO     | 🌐 Запрос детальных данных для 133457238 из ESI...
23:33:36 | INFO     | ⚙️ Проверка фильтров 133457238 для 1 каналов...
23:33:36 | INFO     | 🎯 [ID: 133457238] Совпадение для канала 1463802595931062374! Тип: PRIORITY_TARGET
23:33:37 | INFO     | ✅ Image generated in 1.05s: killmail_images/kill_133457238.png
23:33:37 | INFO     | 🧹 Очищено 1 старых изображений, освобождено 0.1 МБ
23:33:38 | INFO     | ✅ Kill notification sent to 1463802595931062374 with image
23:33:38 | INFO     | ✅ Уведомление отправлено в канал 1463802595931062374
23:33:38 | INFO     | ✅ KillID 133457238 обработан. Совпадений: 1
23:33:38 | INFO     | 📥 [PROCESSOR] Начинаю обработку KillID: 133457198
23:33:38 | INFO     | 🔍 Запрос хэша для 133457198 у zKillboard...
23:33:39 | INFO     | 🌐 Запрос детальных данных для 133457198 из ESI...
23:33:39 | INFO     | ⚙️ Проверка фильтров 133457198 для 1 каналов...
23:33:39 | INFO     | 🎯 [ID: 133457198] Совпадение для канала 1463802595931062374! Тип: LOCATION_WATCH
23:33:39 | INFO     | ✅ Image generated in 0.48s: killmail_images/kill_133457198.png
23:33:39 | INFO     | 🧹 Очищено 1 старых изображений, освобождено 0.1 МБ
23:33:40 | INFO     | ✅ Kill notification sent to 1463802595931062374 with image
23:33:40 | INFO     | ✅ Уведомление отправлено в канал 1463802595931062374
23:33:40 | INFO     | ✅ KillID 133457198 обработан. Совпадений: 1
23:34:04 | INFO     | 🛑 Shutdown signal received
23:34:05 | INFO     | 🛑 Stopping workers...
23:34:05 | INFO     | 🛑 Processor получил сигнал остановки
23:34:05 | INFO     | 🛑 Listener получил сигнал остановки
23:34:05 | INFO     | 📊 Мониторинг ресурсов остановлен
23:34:05 | INFO     | 📊 Итоговая статистика мониторинга:
   • Время работы: 0:02:28
   • Пик соединений: 10
   • Пик памяти: 59.5 МБ
   • Пик CPU: 0.0%
   • Проверок выполнено: 3
23:34:05 | INFO     | 🧹 Задача очистки изображений остановлена
23:34:05 | INFO     | 📊 Monitoring system stopped
23:34:05 | INFO     | 🔌 Closing connections...
23:34:06 | INFO     | 👋 EVE KillBot stopped. o7
